Citation,Passage,Translation,Comments
1.2.0,Nempe Arbos Unde Rigetur,,
1.2.1,"Per Mercurium, ut notum est, mytholigicè intelligitur vis ingenii, eloquentia ac doctrina.",,
1.2.2,"Is fingitur irrigare Laurum, arborem Apollini sacram, qua ipsa quoque poêta et viri docti ornabantur.",,
1.2.3,"Hoc igitur Emblemate utens Rev et Ill. Dn. Alexander Edouardus Fuggerus, etc. Praepositus Frisingensis, cum privata cuidam Academia Ticini in Insubria daret, significare voluit, plurimum referre, que magnistro et duce adolescentes imbuantur honestis artibus.",,
1.2.4,"Quod sane prudentissimus Macedonum, Rex Phillipus opt. intellexis, qui nato sibi filio Alexandro statim id nunciavit Aristoteli, diisque gratias egit, non tam quod natus ipsi filius esset, quam quod Aristotelis tempore cum nasci contigisset, ut Gellius ista refert.",,
1.2.5,"Sed illud inprimis certum est. etiam salutus nostre cardinem in eo versari, quis nos riget <gr> tw=|  w/dahzw=nh tou= lo/gou </gr>: qualis fuit Alexandrinius ille Apollos, quem S. Paulus laudat I. ad Corinth. III.",,
1.2.6,"quem ipse quidem ait rigasse <gr> ta\ tou= logou= futeu/mata </gr>: verbiplantaria: eidemque in Act. XVIII. tribuitur, quod fuerit <gr> an)/h/r lo/gw| dunato\s w)/n o)n zai=s kafai=s, (mgl?) ze/aou pueu/mah </gr>.",,
1.49.0,Non Inferiora Secutus,,
1.49.1,"Est egregia quadam planta admiratione sanè digna, ante paucos annos inter exotics ad nos quoque allata, qua ubique iam in hortus colitur, quam Chrysanthemum Peruvianum à loco natali, à forma plantam maximam, Florem solis vero propter effectum et similitudinem, nominant: quidam Bellionem Plinii esse opinatur, incerta tamen (meo judicio) conjectura.",,
1.49.2,"Haec intra sex vel ad summum septem mensium spatium, ex quo terrae semen ipsius mandatum, eo pervenire solet magnitudinis, ut humani brachii crassitiem, et altitudinem duodecim vel plurium cubitorum excedat.",,
1.49.4,Quemadmodum verò florum densitate ac multiplici foliorum numero.  ,,
1.49.4a,"Paeonia nonnihil cedit, ita semium copia, quibus altera caret, hanc longe superat, nam eorum ultra mille in uno cippo numeravimus.",,
1.49.5,"Cum itaque hic flos etiam solem semper respiciat, adque eius radios sese plurimum pandat, et superiora semper respiciat, decet nos etiam multo magis ad verum datorem et largitorem omnium bonorum <gr> e)poura/zion </gr> continuè oculos mentis atollere, nec terrenis, caducis ac voluptariis bonis quasi humi iacentes semper inhiare: ostendentes secundum Platonem quoque nos esse coelestes plantes. ",,
1.49.6,"Genuæ in palatio Franisci Leccani aliud symbolum pulcherrimum huic non dissimile legitur, E COELIS LVX, EO INTVERE. Sic Boeth: de consolatione. ",,
1.49.7,"Quem, quia respicit omnia solus, ",,
1.49.8,Verum possis dicere solem.,,
2.14.0,Pretiosum Quod Utile,,
2.14.1,"Ut córnu Monocerotis non per se in tanto praetio habetur, sed propter ipsius contra venena efficacitatem et utilitatem desideratur, ita monemur in universa vita, non opinione nudae aestimationis solumomdo, sed experientia et usu cunćta esse perpendenda, cum nihil sit in pretio habendum, quod non etiam sit verè utile et frućtuosum. ",,
2.14.2,Horatius sane usum divitiarum et partorum bonorum non frustra toties nobis inculcat. ,,
2.14.3," Igitur praeceptis eius modi admoniti, meritò etiam diligenter sumtus temperare ac meteri debemus. ",,
2.14.4, Quam enim multis (secundum Socratem apud Platonem (inutilibus et superfluis quoque carere possumus?,,
2.14.5,"praesertim hoc nostro superbo atque sumtuoso saeculo, ubi copia rerum non adeo necessariarum, et effusissimi luxus prodigalitate passim omnia, qua publice qua privatim in pejus ruunt, paulò pòst (ut timendum) praecipitem casum allatura. ",,
2.14.6,"Nam aurea ista frugalitas, quam <gr> dida/skalon sofw\n kai\ ap)i/stwn Bouleuma/twn </gr>  Sophocles nominat, id est, magnistram consiliorum sapientum ac optimorum consiliorum, passim spernitur, atque è medio pellitur, è contrario autem crescit <gr> polwte/leia </gr> (juxta veterem Graecum scriptorem, Ecphantem Pythagoricum. lib. de Regno, citante Stobaeo) <gr> ma/thr ta=s a)krasi/as, au(/ta de\ ta=s u(/brios, e)c a(=s tw=n e)n an)trwpe\nois kakw=n ta\ polla </gr>, id est, Luxus et profusio, quae est incontinentiae mater, hujus verò petulantia, ex qua multa mala hominibus enascuntur.",,
2.14.7,Describit hoc Emblema CL.  ,,
2.14.8,"vir Ioannes Sambucus, et satis magnas vires tribuit cornui Monocerotis, de quo alibi, DEO volente, in peculiari commentario, accuratius disseremus.",,
3.1.0,Cuique Suum,,
3.1.1,"Cum aquila <gr> oiwnw=n Basileu\s </gr>, regina aveum Pindaro dicatur, et huic alitum, secundum Plinium, maximus honor et max. vis insit, recte, ut opinior, huic centuriae tertiae ac ea exordium sumere licet. ",,
3.1.2,Eius genera sex recenset Aristotiles lib. IX. cap. XXXII. quorum haec sunt nomina.,,
3.1.3,"I. <gr> pu/gargos </gr>, id est, albicilla, ab albicāte cauda vel <gr> nebrofo/nos </gr>, id est, hinnularia. ",,
3.1.4,"II. <gr> morfno\s </gr>, Naevia, vel <gr> nhttofo/nos </gr> anataria, vel <gr> pla/ggos </gr>, id est, planga vel clanga, Homoro <gr> perkno\s </gr>",,
3.1.5,"III. <gr> melanai/etos </gr> fulva, <gr> lagwfo/nos </gr> leporaria. ",,
3.1.6,"IV. <gr>perkno/pteros </gr> ab alarum notis, aut <gr> gupai\etos </gr>, a vulturis specie, item <gr> oreipe/largos </gr>, id est, Ciconia montana, degenerans ab aliis",,
3.1.7,"V. <gr> a)liai/etos </gr>, marina aquila. ",,
3.1.8 ,VI. <gr> gnh\sios a)eto\s </gr>. ,,
3.1.9,"Vera germanaque Aquila, quae AEliano videtur esse <gr> xrusa/etos </gr> sive stellaris. ",,
3.1.10,"At paulo aliter Plinius lib X. cap III haec enumerat, de quibus hic disputandi locus non est. ",,
3.1.11,"Constat autem tám ex profanis quàm sacris litteris, Aquilam semper insigne fuisse alicujus imperii, ut aparet quoque ex cap. XVII. ",,
3.1.12,Prophetae Ezech. quo in loco per eam regnum Babylonicum et AEgyptium designatur. ,,
3.1.13,"Xenoph.lib.VII. de Cyri disciplina et Q. Curtius lib III, praecipuum signum erercitus Persici auream Aquilam fuisse scribit. ",,
3.1.14,"Idemque Romani longa serie ab Hetruscis acceptum observarunt, secundum Dionys. Halicar.lib.III. et Dionem lib.XL. ",,
3.1.15,Atque nunc etiam Imperatores Romani felicè auspicio eam gestant. ,,
3.1.16,"Extant quoque antiqui aliquot nummi, in quibus aquila fulmini insidens addito olea ramo conspicitur, tam pacem, quam bellum repraesentans. ",,
3.1.17,"Quod symbolum ab invictiss. et nunquam satis laudato Imperatore CAROLO V. multo rectius fuit usurpatum cum inscriptione, Cuique suum simul ita et potentiam, et clementiam suam declatante. ",,
3.1.18,"Opt. vero Imp. MAXIMILIANUS II. idem cum graeco dicto usurpavit, <gr>  EN KAIRW E(KATERON </gr>, id est, tempore opportuno utrumque eadem significatione. ",,
2.46.0,Et Infima Prosunt,,
2.46.1,De Alce tam veterumquam recentium descriptiones non parum quoque inter se discrepare videmus.,,
2.46.2,"Nam quam Iulius Caesar lib. VI. de bello Gallico Alcem describit, doctiorum judicio est Machlis Plinii, quam in Moscovia adhuc reperiri sunt qui dicant.",,
2.46.3,"Prutenica autem et Suecica Alce, Germanice vocatur <de>Ellend</de> quasi ipsa sit miseria, cum timidum sit animal admodum, statimque homines olfaciens fugiat, ac praeterea quovis vulnere parvo accepto moriatur.",,
2.46.4,"Ajunt etiam Epilepsia laborare crebro et ungula posteriore auri apposita inde liberari, quod tamen apud incolas etiam quosdam nondum fidem reperit.",,
2.46.5,Olaus Magnus nescio qua de causa Onagrum falso vocat.,,
2.46.6,"Albertus melius Equicervum: Cardanus, et alii magnum animal.",,
2.46.7,Scaliger verὸ in Exercitátionibus cum Rangifero (ut et alii) videtur confundere.,,
2.46.8,"Iubatos Bisontes nominari à Plinio putat Apollonius Menabenus Medicus ante hoc tempus Ioannis Regis Sueciae, qui etiam peculiarem de eo commentarium conscripsit.",,
2.46.9,"Dodeneus existimat Strabonem, Solinum, Pausaniam (quamvis plenam illius cognitionem non habuerunt) de nostra Alce esse intelligendos.",,
2.46.10,"Facultatem autem Vngula singularem inesse asserunt, quamvis infirmae parti corporis, contra Epilepsiam, et Hysterica mala, non solum intra corpus, sed amuleti quoque instar adhibitae.",,
2.46.11,"De Cornibus idem alii affirmant, non pauci negant, tamet si contra venena instar cervini cornu usurpari posse, non dubitem.",,
2.46.12,De quo alibi plenius disputabimus.,,
2.46.13,Discere autem inde debemus sape etiam humilia et abiecta atque contemta non exiguam in se utilitatem continere.,,
2.46.14,"Quare Plinius recte dicit lib. XV. cap. XIV. Nihil tam parvum est, quod non gloriam (et utilitatem) parere possit.",,
2.46.15,"Cuius rei exempla plurima afferri possent, nisi ubique essent illa nota et obvia, et brevitas argumenti hoc loco id non permitteret.",,
1.93.0,Non Tibi Spiro,,
1.93.1,"Hoc symbolum explicat Erasmus in suis Adagiis Chiliad. I. Centuria IV. proverbio XXXVIII. Nihil cum Amaracino sui, hoc est Solidius ac impuris vel optima sordent ac displicent, non aliter ac Amaracus vel Amaracinum unguentum male olet sui, bestiae foetoribus sese oblectanti, cum sit secundum Horatium, amara lento.",,"""amara lento"" is a replacement for probable spelling error ""amica luto"""
1.93.2,"Servius in lib. I. Aneid. scribit Amaracum puerum fuisse Regis unguentorium; qui casis lapsus dum ferret unguenta, majorum confusione odorem excitarit, unde optima unguenta Amaracina dici coeperunt, et ideo hunc postea fabula tradiderunt in herbam Amaracum esse conversum.",,
1.93.3,"Sic etiam bonae litterae hominibus rudibus et male instititis sunt adversissimae, quem admodum suillo generi unguenta odorata: Quo pacto etiam A. Gellius in fin Noct.",,
1.93.4,"<gr> a)mou/sous </gr> suis scriptis abstinere jubet, vetus esse adaginum dicens, nihil cum fidibus graculo, nihil cum amaracino sui.",,
1.93.5,Lucretius VI. libro quoque haec habet.,,
1.93.6,"Denique amaracinum fugitat sus, et timet omne.",,
1.93.7,"Unguentuna: nam fetigetis subus acre venenum est,",,
1.93.8,Quod nos interdum tanquam recreate videtur.,,
1.93.9,At contra nobis coenum teterrima cum sit,,
1.93.10,"Spurcities: eadem subus haec tam munda videtur,",,
1.93.11,Insatiabiliter toti ut volvantur ibidem.,,
1.93.12,"Scribunt etiam quidem in Arabia suillum genus non posse vivere, quod ea regio sit plena odoramentorum.",,
1.93.13,"Vnde in super alterum proverbium enatum, <gr> u(=s dia\ r)o/dwn </gr>, sus per rosas.",,
1.93.14,Et in Epist Petri est sus in volutabro coeni.,,
2.37.0,Allicit Ut Perimat,,
2.37.1,"Panthera a Graecis secundum Varronem dicta est ab omni faria feritate, cuius sexum quidam distinguunt ut marem Pardum, foeminam Pardalim vocent.",,
2.37.2,"Panthera Latinis vocatur Varia, a pellis varietate.",,
2.37.3,"Africanae quoque nominantur, cum in hac regione inprimis reperiantur, nunquam in Europa.",,
2.37.4,"In picturis et sculpturis veterum Pantharas, Leopardos, Tigrides et Lynces, ut cognata animalia, non facile semper est invicem discernere.",,
2.37.5,"Nota autem nostris quoque temporibus est Panthera, ad quam refertur Leopardus.",,
2.37.6,"Legitur apud Plutarchum in commentario de solertia animalium, ad Pantheram pleraque accedere animalia, suavitate odoris illecta, et maxime Simias.",,
2.37.7,"Idemque testantur Aristoteles, Solinus, Aelianus et Plinius, qui postremus haec clarius exponit, ubi sic scribit: Ferunt odore earum mire solicitari quadrupedes cunctas.",,
2.37.8,"Sed capitis torvitate terreri, quamobrem eo occultato reliqua dulcedine ejus corripiunt.",,
2.37.9,"Idem fere scribunt Theophrastus quoque lib. de Odoribus, et Philostrat. lib. II. ",,
2.37.10,"Quare sapientes Aegyptis (ut Orus scribit) hominem sceleratum et malitiosum designaturi, qui animum suum subdole occultet, Pantheram alia animalia per sequentem pingebant, vitium profecto ut max. detestandum, sic hodie nimis usitatum: de quo Cicero III. Verrina orat: Nullae sunt, inquit, occultiores insidiae quam hae, quae latent in simulatione officii, ac lib. I. de Off. recte ait.",,
2.37.11,"Nulla est totius injustitiae capitalior quam eorum, qui cum max(ime) fallunt, hoc tamen agunt, ut boni viri esse videantur.",,"""maxime"" is a replacement of the abbreviated ""max."""
2.37.12,Et extat Dionis Chrysostomi libellus <gr>peri\ a)pistias</gr>.,,
2.37.13,Alii generalius ad omnia genera voluptatis prava referunt: de quibus Silius Italicus:,,
2.37.14,"nec ita deum tantum, nec tela, nec hostis, Quantum sola noces animis voluptas.",,
4.96.0,Ne Ivrato Qvidem,,
4.96.1,"Scorpio hominem vafrum, cuique nulla sit habenda fides, denotat, ut apud scriptores heiroglyph. legimur.",,
4.96.2,"Non igitur nisi resecta cauda, in qua illi aculei venenum stillantes, ab eius ictu quis tutus sit.",,
4.96.3,"Similiter ne hosti quidem ulli, cui arma erepta aut excussa non sint, fidendum multo minus ad colloquia cum eo veniendum est aut ad foedera, etiam si per omnia sacra jurare paratus sit.",,
4.96.4,Cuius rei significatio libri hic depicti imagine subiicitur.,,
4.96.5,"Rectiss(ime) igitur Q Cicero, Legatus Caesaris, respondit Nervius: Non esse consuetudinem Rom(ani) populi, ullam accipere ab hoste armato conditionem.",,"""Rectissime"" and ""Romani"" are replacing abreviations ""Rectiss"" and ""Rom."", respectively."
4.96.6,"Et memorabilis est ille apud Livium lib. XXXIII. inter Philippum Macedonem, et T. Quintium congressus, ex quo patet nullam fidem esse cum hoste ad colloquium congredi.",,
4.96.7,"Sic sane II. Samuel. XX. Amasa sub pacis et amicitiae praetextu a Ioabo interimitur, non attendens cinctum eum gladio.",,"""interimitur"" is replacing probable spelling mistake ""interimitnr"""
4.96.8,"Philip(pus) quidem Cominaeus saepius monet, quantum sit periculi in congressibus magnorum Principum, et quam dubia ac periculosa sint inter ipsos plerunque contracta faedera.",,"possible spelling mistake ""plerunque"" to ""plerumque"" ?"
4.96.9,"Et affert cum alia exempla, tum inprimis lib. III. Ludovici Regis Galliae, Peronae in Caroli Burgundi potestare periclitantis: et lib. VI. se Ioanne Burgund. Duce a Rege Carolo in mutua salutatione interempto: quae sunt illustria.",,
4.96.10,"Recte igitur Demosthenes in Phil(ippum) dicit, urbibus ad custodiam multa quidem inventa esse, valla, moenia, fossas, et cetera quae tamen omnia manibus conficiantur, et sumptus postulent ingentes.",,"""Philippum"" is replacing the abbreviation ""Phil."" ""et cetera"" is replacing the abbreviation ""etc."""
4.96.11,"Verum unum commune munimentum a natura inesse animis hominum <gr>Eu) fronou\ntwn</gr> , idque cum ceteris salutare esse, tum max(ime) plebi contra tyrannos: <gr>Apisti/an</gr>, nempe.",,"""maxime"" is replacing the abbreviation ""max."""
4.96.12,"Et sane in celebrem illum de hac Epicharmi versiculum integrum etiam scriptum Dio Prusaensis contexuit, quod Graece at latine avus meus olim edidis.",,
1.68.0,"Leviter Si Tangis, Adurit.",,
1.68.1,"Urtica ob subtiles adeo acutosque foliorum aculeos, si manibus leniter contrectetur magnum, post se pruritum et acrimoniam satis molestam relinquit: contra vero si plana manu fortiter comprimatur, parum nocere potest.",,
1.68.2,"Quo exemplo indicatur, exigua pericula quandoque si negligantur, nec illis tempore praesenti animo ob viam eatur, non contemnendas vires sumere, et hominibus tandem plurimum exhibere negotii.",,
1.68.3,"Vnde etiam veteri proverbio Germanico admonemur, parvum hostem, et exiguum vulnus non temere esse contemnendum, cum utrumque principio neglectum levi aliqua occasione vires sumere, et nonnunquam plurimum damni inferre consueverit.",,
1.68.4,"Quare, ut poeta monet,",,
1.68.5,"Principiis obsta: serro medicina paratur,",,
1.68.6,Cum mala per longas invaluere moras.,,
1.68.7,Et ut Phocylides: <gr> a)rxo/menon to\ kako\n ko/ptein</gr> et cetera.,,
1.68.8,Similiter Persius Sat. III.,,"""et cetera"" is used to replace abbreviation ""etc."""
1.68.9,"Elleborum frustra, cum jam cuctis aegra tumebit,",,
1.68.10,Poscentes videas venienti occurrite morbo.,,
1.68.11,De hoc symbolo quidam eruditum hoc carmen composuit.,,
1.68.12,"Molliter urticam si quis tractaverit, uret,",,
1.68.13,Et timidas laedit tacta borago manus.,,
1.68.14,"His tamen intrepido franguntur spicula pressu,",,
1.68.15,Hacque omnis subito pollitur arte dolor.,,
1.68.16,"Res age, non magnis nec neglige viribus hostem",,
1.68.17,"Sed leve, quo poteris robore, tolle malum.",,
2.3.0,Non Impune Feres.,,
2.3.1,"In Aethiopiae parte, cujus regni caput est Meroe, teste Strabone et Aeliano reperiuntur Dracones, quibus cum Elephantis pugna esse solet.",,
2.3.2,"Plinius refert Indicos Elephantes esse maximos, ac bellantes cum ipsis perpetua discordia Dracones tantae magnitudinis, ut et ipsos circumflexu facile ambiant, nexuque nodi per stringant: mutuamque illorum necem Philo quoque Iudaeus narrat tractatu <gr> peri/ a)fqarsi/as ko/smou </gr>.",,"""discrodia"" corrected to ""discordia"" ""tract."" expanded to ""tractatu"""
2.3.3,"Hoc Symbolum Iovius scribit a se esse excogit atum in gratium Sinibaldi et Ottoboni Fliscorum, qui illud usurparunt ad memoriam justae ultionis (quem admodum ipsi arbitrabantur) propter fratrem tertium Hieronymum Comitem, crudeliter ab aemulis suis Fregosiis interfectum, cum eam ob causam paulo post quinque etiam ex familia Fregosia violenta moret perierint.",,
2.3.4,"Addita fuit inscriptio Hispanica: NON VOS ALABAREIS, is est, non est quod vos gloriemini propter crudelitatem vestram, cum potius de Reip. Genuensis principatu legibus aut armis legitimis debuissetis contendere CL vir. D. Sambucus in Emblematib. de hac cruenta pugna tales versus composuit.",,"""pngna"" corrected to ""pugna"""
2.3.5,"Qui victor sentit cum victo peritutum,",,
2.3.6,Ambitione magis puam ratione tument.,,
2.3.7,"Quid mihi profuerit vinctus, qui mutua collo",,
2.3.8,"Vincula molitur, me interrimatque cadens?",,
2.3.9,"Sic Elephas stratus complexibus usque Draconis,",,
2.3.10,Conterit haerentem mole; renusque necat.,,
2.3.11,Illi mihi tandem pretium meritumque triumphus,,
2.3.12,"Pendit, qui factum non nece, laude beat.",,
2.3.13,"Interdum causta melius cessisse videmur,",,
2.3.14,Dum mors vindictam leniat aut moveat.,,
2.3.15,"Sed tamen e summo vinci, victoria quaedam est,",,
2.3.16,Conditio servi corrigitur domino.,,
2.3.17,"Usus est quoque hoc symbolo Delphinus Titio Comes Tesanae, cum inscriptione non multum dissimili, VINDICE DEO.",,
2.80.0,Versutior Errat.,,
2.80.1,"De inimicitia mustelae cum serpente et bufone, et ipsius cum ruta munimento jam dictum est.",,
2.80.2,"Nihilominus perhibent hoc cautum et astutum alioque animalculum (in quod propterea Galanthidem, qua partum Alcmenae, invita Lucina callide procurasset transformatam fuisse fingit Ovid. lib. IX. Metamorphos.) perhibent nescio quo errore vel temeritate indictum sponte sua interdis in os bufonis inimici sui irruere atque ita nonnunquam perire, haud aliter quam viperam caput maris ori suo insertum praemordere quidem ajunt, Camillus de Camillis, et Ioannes Baptista Pittonus in Italicis suis scriptis de Impressis vulgo dicti, hoc quidem ita se habere affirmant, sed apud veteres rerum Naturalium autores (quod memini) nusquam reperitur annotatum.",,"There is a large ink spot on the page over the last two letters of ""quidem"""
2.80.3,"Quadrat autem haec similitudo in illos, qui in aliis suis rebus satis caute ac prudenter versantes, interdum tamen er coecum impertum et impotentiam animi, vel ab aliis voluptatibus, vel in primis amorem illecebris sinunt sed virtutis tramite abducti, ac ita saepe in manifestam perniciem abripiuntur.",,
2.80.4,"Quem affectum admodum impetuosum Seneca poeta in duobus locis egregie describit, quorum prior extat in Tragoedia Hippolyto:",,
2.80.5,Furor cogit sequi,,
2.80.6,Periora: nadit animus in praeceps sciens.,,
2.80.7,"Remeatque, frustra sana consilia appetens.",,
2.80.8,Alter est in Medea.,,
2.80.9,"Coeces est ignis stimilatus ira,",,
2.80.10,"Nec regi curat, patiturque frenes,",,
2.80.11,"Haud timet mortem, cupit ite in ipsos",,
2.80.12,Obvius enses.,,
2.80.13,Ipsa Medea apud Ovid. Heroid. similiter ait:,,
2.80.14,Quo feret ita sequar: facti fortasse pigebit.,,
3.47.0,Rabie succensa tumescit.,,
3.47.1,"Varro lib. III. de re rustica cap. IX. Meleagridas vocat gallinas Africanas, quae aliis sunt Numidicae, quae ad nos quoque deferuntur.",,
3.47.2,"Quamquam vero Gesnerus nostras vulgo dictas Indicas gallinas ad Meleagridas recenseri posse existimet (sicuti quoque Turnerus Anglus, et Bellonius Gallus) rectim tamen pavonem Indicum vel Gallopavum nominari idem Gesnerus putat.",,
3.47.3,"Sed Gillius interpres et commentator Aeliani lib. XVI. de Animal. cap II. existimat, Gallinaceum Indicum debere appellari.",,
3.47.4,"His vero avibus quasi peculiare hoc est insitum, ut ad iram provocatis, cutis circa collum sanguineo collore splendescat, et crista ipsus varii coloris infletur, et ad nares usque protenditur caputque nudum pelle purpurascente obducatur, quam antea laxam et quasi vacuam, cum irritatur sic inflat, ut ad brachii nonnunqua crassitudinem accedat, ac tum vox cum fragore aliquo per collum redditur.",,
3.47.5,"Quae omnia in hac ave peregrina vere <gr> h)=qos </gr> et mores iracundiae exprimunt, ut vix aliquid accomodatius excogitari posset.",,
3.47.6,"Est autem hoc dictum ex Claudiano de IV. consulatu Honorii desumtum, ubi ait:",,
3.47.7,Iram sanguinei regio sub pectore cordis,,
3.47.8,"Protegit, imbutam flammis avidamque nocendi,",,"""avidamque"" expanded from abbreviation ""avidamq;"""
3.47.9,"Praecipitemque sui, rabir succenta tumescit.",,"""praecipitemque"" corrected as the letter ""m"" was printed upside-down; ""tumescit"" corrected from misspelled ""tumeicit"""
3.47.10,Cum quo convenenit Persius lib. III.,,
3.47.11,"Nunc face supposita, fervescit sanguis et ira",,
3.47.12,"Scintillant oculi, dicisque facisque quod ipse",,
3.47.13,"Non sani esse hominis, non sanus jure Orestes",,
3.47.14,"Seneca quoque in lib. de ira eam luculenter describit his verbis: Nam in ea facies turbatior ora pulcherrima foedat, torvos vultus ex tranquillitate reddit, linquit decor omnis iratos.",,
3.47.15,De remediis vere contra hunc tam impetuosum affectum aliorum scripta consulantur.,,
4.51.0,Ad motum lunae,,
4.51.1,"Cancrorum genus, inquit Arist. IV. hist. an. LI. multiplex est, nec facile enumerandum.",,
4.51.2,"Conveniunt autem in hoc omnes, quod universis sit pars dura et testacea foris pro cute, mollis et carnea intus, supina corporis planiora et tabellata magis quibus et ova deponunt, quando pariunt.",,
4.51.3,"De his etiam Plin. lib. IX. cap. XXXI. Omnia eius generis hieme laeduntur, autumno et vere pinguescunt, ac plenilunio magis, quia nocte sidus tepido fulgore mitificat. P. Bellonius scribit, eos plena luna uberiores silente flaccidos fieri.",,
4.51.4,"Quod ex Ciceron. I. de divinat. habet, qui generaliter ait, ostreis et conchyliis omnibus contingere, ut cum luna crescant pariter, pariterque decrescant.",,
4.51.5,"Sed et Lucilii illus apud Gel lib. XX. c. VII. notum est: Luna alit ostrea, et implet echinos.",,
4.51.6,"Sed hoc quidem symbolum, quamvis quidam ad suos potissimum amores applicuerunt, indicantes se ad vultum feminae adamatae vel crescere, vel decrescere, rectius tamen, et <gr> h(qi/kwn e(rws </gr> nos ad principum et magnatum erga suos ministros gratiam, vel contra neglectum ac contemptum referre poterimus.",,
4.51.7,"Quin et ad litteratos, doctos et ingenios viros accommodare, quorum vigor et incrementum, sicuti e contra miserie et squalor ferre in manu sunt potentum, secundum usitatissimum versiculum:",,"""usitatissimum"" expanded from abbreviation ""usitatiss"""
4.51.8,"Sint Maecenates, non deerunt Flacce Marones.",,
4.51.9,"In quam rem sane est memorabilis Plutarchi in Orat. II. se fortuna et virtute Alexandri sententia, ita latine reddita: Ut enim frugum copiam bona temperies et tenuitas aeris gignit, ita artium et bonorum ingeniorum incrementa, benignitas, honor et humanitas regis efficit: et contra principum invidiam sordes aut studium contendendi omnia ista extinguit et perdit.",,
3.27.0,Ne improviso.,,
3.27.1,"Crus a sono dicta putatur, graecis <gr> ge/ranos </gr>, quod generis epicoeni est, sicuti  et latina vox: videtur autem germanica appellatio a graeca derivari.",,
3.27.2,"De gruum vero excubiis et vigilantia Aristoteles lib. IX. de hist. Animal. cap. X. Plinius lib. X. cap. XXIII. Aelianus lib. III. cap. XIII Plutarch de solertia animal. Basil. M. homil. VIII. hexaem Horapollo lib. II. cap. XCIV. et plures alii eadem prorsus tradunt, quae omnia Isidorus lib. XII. Orig. quasi in Epitomen contrahens ita expressit: Nocte autem excubias dividunt, et ordinem vigilarum per vices faciunt tenentes lapillos suspensis digitis, quibus somnos arceat; hoc quod cavendum erat, clamor indicat.",,
3.27.3,"Quae vera est imago hominis industrii et diligenter ab hostium insidiis sibi caventis, secundum Horapollinem.",,
3.27.4,"Hinc Alexander Magnus (ut refert Ammianus Marcellin. lib. XVI.) vigilandi exeplum sumpsisse videtur, cum fortunam tam suam quam suorum non temere alios in exercitu crederet; Dicitur enim aenea concha plevi supposita, brachio extra cubile protento, pilam argenteam in manu tenuisse, ut cum nervorum rigorem sopor lux asset infusus, gestaminis lapsi tinnitus abrumperet somnum.",,
3.27.5,Quod alii Aristoteli attribunt.,,
3.27.6,"At contra Thrasybulus Atheneas a jugo triginta annorum liberans, noctu suis omnibus nimis secure stertentibus, irruptione hostili in domum facta fuit oppressus.",,
3.27.7,Quare Plato V. legum praeclare hoc etiam subjicit.,,
3.27.8,"Universi enim homines cuiuscunque actiones participes, quandoquidem sibi ipsis et actionibus animum advertant, omnia pulchre et bene conficiunt, non autem attendentibus aut vecordibus contraria veniunt.",,
3.27.9,Cum quo Plautina sententia in Rudente convenit.,,
3.27.10,vigilare decet hominem,,
3.27.11,Qui vult sua tempori conficere officia,,
3.27.12,"Nam qui dormiunt libenter, sine lueto et cum malo quieseunt.",,
3.27.13,Alibi ascriptum legitur.,,
3.27.14,NVNQVAM DECIDET.,,
3.22.0,Unius Coloris.,,
3.22.1,"Olorem vult Isidorus lib. XII. Originum sic nuncupatum, quod totus sit plumis albis praeditus, graeca derivatione, cum <gr>o(/lws </gr> totum significet. ",,
3.22.2,Exprimit autem haec avis ob suum candidum colore apud Poetas et alios (quod et Pierius testatur) animi candorem et simplicem integritatem.,,
3.22.3,"Eamque ob caussam hoc symbolum familiare habuit Ludovicus de Aquino, quo majores ipsus semper erga Reges suos coustanter observassent, se quoque toto suae vitae cursu religiose retenturum esse.",,
3.22.4,"Non minus autem spectat ad omnes viros egregios, placidis et apertis erga cunctos moribus praeditos, quive, quantum honeste possunt, quaevis in optimam partem interpretari solent.",,
3.22.5,Commemorat autem Pierius Valerianus in Hieroglyphics ejusmodi candidorum virorum suis temporibus extitisse tria exempla maxime memorabilia. ,,
3.22.6,"Iovianum nimirum Pontanum, nobilitatis Neapolitanae praecipuum, quem testantur ingenia quaevis bona et praeclara singulari animi promtitudine forvisse ac promovisse.",,
3.22.7,"Alterum nominat  M. Antonius Sabellicum, ipsus Pierii praeceptorem, quem affirmant ne adversarios quidem apertos voluisse lacesse, sed potius omnes alba, ut dicitur, linea notasse. ",,
3.22.8,"Tertius Romae fuit Pomponius Laetus, nomine, re et animo erga omnes hilaris, facilis et placidus, tantum suis studiis sine injuria, immo cum aliorum multorum utilitate, intentus.",,
3.22.9,"Utinam nostra quoque aeta talia candidissima pectora, ut cygnos unius coloris plurimos proferret; minus profecto esset ubique locorum et gentium contentionum et rixarum peraiciosissimarum.",,
3.22.10,"Sed haes optare quidem licet, sperare vero vix conceditur quia",,
3.22.11,Candor in hacaevo res inter mortua paene est.,,
3.63.0,Conjunctio fida.,,
3.63.1,"Turturem, dicet Aristoteles lib. IX. hist Animal. uno mare contentam sicuti palumbum vivere, nec alterum recipere.",,
3.63.2,De qua multa Aelian lib III. cap. XLIV ubi refert inter palumbos adulteris quoquepoenam morte luere utrumquam sexum: in turturum vero et albarum columbarum genere matrem tantum foeminae agnoscere.,,
3.63.3,"Placuit antem hoc loco elgantissimum carmen doctissimi poetae D. Nathanis Chytraei: quod legitur in sacris ipsiss fastis in Februario, ascriberet",,"""doctissimi"" expanded from abreviation ""doctiss."""
3.63.4,"At tu prae reliquis avibus blandissime turtur,",,
3.63.5,"Exemplum fidei et specimen constantis amoris,",,
3.63.6,"Dic mihi, quid mattes aris adhibenda docebas: ",,
3.63.7,"Unis et solius amor te comparis urget,",,
3.63.8,"Cum quo dulce tibi viridi confidere ramo,",,
3.63.9,"Cum quo dulce novis implere nepotibus agros,",,
3.63.10,"Cum quo dulce mori. Sed enimdum vivitis, unus",,
3.63.11,"Est animus vobis, est mens, est una voluntas,",,
3.63.12,"Una fides studiumque unum; simul occidit alter,",,
3.63.13,"Non genera aerea viduus desistit ab ulmo,",,
3.63.14,Implens flebilibus late nemus omne quaerelis,,
3.63.15,Non illum novus urit amor: memor ille prioris ,,
3.63.16,"Conjugii, solus superantes exigit annos,",,
3.63.17,Solus et in sterilli expectat sua funnera rome.,,
3.63.18,Fallor an haec matres imitari exempla volebat,,
3.63.19,Turturis ipse Deus ? nihil illis aptius omne,,
3.63.20,Conjugis officium laudataque foedera pingit.,,
3.63.21,"Typus profecto eximis matrimonii fidelis, deque etiam Horatius lib. I. od. XIII.",,
3.63.22,Felices ter et amplius,,
3.63.33,"Quos irrupta tenet copula, nec malis ",,
3.63.34,Divulsus querimoniis,,
3.63.35,Suprema citius solvet amore die.,,
3.63.36,"Estque hoc symbolum inventum et celebratum cum hac pictura in gratiam serenissimam Iohannae Austriacae, cum nuptia celebraret cum serenissime Magne Duce Florentiae Franciso et cetera.",,"""serenisseme"" expanded from abbreviation ""sereniss."". ""et cetera"" expanded from abbreviation ""etc."""
2.12.0,Nil Inexplorato,,
2.12.1,"Saepe admiratus sum, qui fiat, quod in tam indefesso hominum studio investigandi etiam in remotis regionibus varias res in cognitas, nihil tamen adhuc certi vel perparum explorati habeamus de ipso Monocerote sic propriè dictio cum etam apud veteres autores de illo variae opiniones reperiantur.",,"""remotis"" was corrected as the ""s"" was printed as ""ß"""
2.12.2,"Et quamvis alia pluria animalia rara Romani populo spectanda exhibuerint, apparet tame(n) ex historiis hoc animal nunquam illos ostendisse, Est autem hoc Symbolum desumtum ex veteri nummo è cuius una parte Monoceros conspicitur, cornu in aquam intingens, ex altera inscripto, ΝΥΣΑΙΩΝ, id est, Nysaeorum, Indiae nimurum populorum. ",,"""connu"" was corrected to ""cornu"""
2.12.3,"Notum autem est tribui huic cornui hanc peculiarem vim et proprietatem, quod contra pleraque venena sit admodum efficax, unde quidam perhibent, priusquam Monoceros ex aquis impurioribus, quas circa aspides alia genera serpent(orum) ac venenatarum bestiarum stabulantur, bibat, cornu suum in illas immergere et quasi depugnari salubriores(que) reddere.",,
2.12.4,"Qua similitudine docemur beneficio sapientiae atque laudabilis doctrinae, in rebus dubiis ac periculosis, posse nos omnes difficultates et remoras, quae à virtutis et honestatis via avocat, removere, et mala à bonis segregare.",,
2.12.5,"Bartholomeus Alvianus Dux militaris Venetus, ascribi curavit in suo vexilio, VENENA PELLO, innuens se instar unicornis noxia et venenata animalia fugantis, sua virtute bellica contrariarum partium hostes esse extirpaturum.",,"""exturpaturum"" was corrected to ""extirpaturum"""
2.41.0,"Hinc Dolor, Inde Fuga",,
2.41.1,"Qui animi aeger et multis curis atque aerumnis affectus, arbitratur non alia ratione se posse dolori mederi, atque mentis inquietudini consulere, quam hinc inde vagando et discurrendo, interea vera et efficacia sui mali remedia negligens similis est cervo, ",,"""discurendo"" was corrected to ""discurrendo"""
2.41.2,Quem procul incautum nemora inter Cresia fixit,,"The name ""Cressia"" was corrected to ""Cresia"""
2.41.3,Pastor agens telis.,,"""Pastoragens"" was corrected to ""pastor agens"""
2.41.4,ille fuga silvas saltusque peragrat ,,
2.41.5,"Frustra, nam",,
2.41.6,"haeret lateri letalis arundo,",,
2.41.7,ut Virgilius cecinit: et doctissime Emblemata expressit Hadrianus Iunius.,,"""Virg"". was expanded to ""Virgilius"", ""Hadr."" was expanded to ""Hadrianus"", and ""Emblemate"" was corrected to ""Emblemata""; Camerius references the work of Hadrianus Junius, https://en.wikipedia.org/wiki/Hadrianus_Junius"
2.41.8,"Chrysostomus autem hac ipsa similitudine utitur Serm(one) in Oziam: Quemadmodum cerva telum corpore fixum ferens, licet venatorim manus effugiat, perit tamen tandem: Sit et anima telo concupiscentia, ob intemperatum et curiosum visum saucia, tametsi discedat, perit tamen et corrumpitur.",,Reference to a sermon by John Chrysostom; https://www.google.com/url?sa=t&rct=j&q=&esrc=s&source=web&cd=&cad=rja&uact=8&ved=2ahUKEwi10ozDqLr4AhVYFFkFHfsiB6AQFnoECAgQAQ&url=https%3A%2F%2Fen.wikipedia.org%2Fwiki%2FJohn_Chrysostom&usg=AOvVaw1pDHrWLhLNbXE5JxITeiZg
2.41.9,"Quapropter tranquillitatis et rationis vera norma in eiusmodi ea sibi semper nobis ante oculos proponenda nam ut Plutarch(us) in com <gr>peri\ eu)qumi/as</gr> disputat, <gr>toiau/thn o( logismo\s eu)koli/an kai\ metabolh\n e)ggeno/menos metapoiei= pro\s e)/kaston bi/on</gr> id est recta ratio si accedat ad quod vis genus vita, et quamvis mutationem, eam reddit facilem.",,"""sib."" was corrected to ""sibi""; the extra breathing mark from the word ""<gr>e)ggeno/me)nos</gr>"" was removed."
2.41.10,Quod argumentum luculenter quoque tractavit Horatius in Epist(ula) ad Bullat(ium) lib(ro).,,
2.41.11,"Nam si ratio et prudentia curas,",,
2.41.12,"Non locus effusi late maris arbiter aufert,",,
2.41.13,"Caelum non animum mutant, qui trans mare currunt,",,"""coelum"" was corrected to ""caelum""; ""transmare"" was corrected to ""trans mare"""
2.41.14,"Strenua nos exercet inertia, navibus atque",,
2.41.15,"Quadrigis petimus bene vivere, quod petis hic est,",,
2.41.16,Est Ulubris animus si te non deficit aequus.,,
2.41.17,"Alibi legitur ascriptum: HAERET UBIQUE Vel, NIL FUGA COMITANTE MALO.",,"We were unable to find the original reference of this citation, however, similar emblem collections "
2.54.0,NESCIT GULA MODUM,,
2.54.1,"Animal quodam in Suecia et vicinis regionibus reperitur, quod Suecis <de>Jerff</de> aliis Rosomaca, Germanice <de>Vilfraß</de>  ac inde Latine Gulo dicitur.",,"""quoddam"" was corrected to ""quodam"", the current German name of the animal ""Vilfraß"" (wolverine) is ""Vielfraß"" "
2.54.2,"Iulius Caesar Scaliger in exerc(itu) contra Gardanum, vulturem quadrupedem vocat.",,
2.54.3,Gesnerus putat esse Hyaenae vel crocutae congenerem.,,
2.54.4,"Descripsit autem accurate illud Michovius lib(ro) 11 Sarmatiae Europeae in hunc modum: In Litvania et Moscovia animal voracissumum est magnitudine canis, facie felis, colore nigro (Olaus Magnus Sept. hist. lib. XVIII. tribuit illi mustelinum nigricantem et nitentem, in pilis longus nec adeo millitus, crura brevia, caudam vulpis, breviorem tamen) cadaveribus vescitur, quibus ita repletur, ut tympani instar extendatur, atque per angustiam aliquam inter duas arbores ingreditur, per vim ventrem exonerat: et sic extentuatum, rursus ad cadaver properat atque iterum impletur.",,"The last ""per"" was corrected from ""perq"""
2.54.5,"Ac forsitan natura tam insatiabile animal in illis regionibus produxit, ut homines simili voracitate laborantes redarguat.",,
2.54.6,Haec ille.,,Attributing the sentence above to Michovius
2.54.7,"Fugiamus itaque nos quoque hoc insigne exemplum ingluviei et helluationis nimis passim consuetae, quam sectantur omnes.",,
2.54.8,"Quibus in solo vivendi causa palato est,",,"""caussa"" was corrected to ""causa"""
2.54.9,secundum Iuvenalem.,,
2.54.10,"ac diligenter observemus Socraticum praeceptum, edendum et bibendum ut vivamus, non autem vivendum, ut ventri tantum ceu Deo inserviamus, quemadmodum, de sese apud Euripidem gloriatur Cyclops.",,
2.54.11,Ac noti sunt Horatii libro ii Saty(ra) ii. elegantis(simus) versus.,,
2.54.12,Quin corpus onustum,,
2.54.13,"Hesternis vitiis, animum quoque praegravat una,",,
2.54.14,Atque affligit humo divinae particulam aurae.,,
2.54.15,Salvator quoque noster ipse Lucae XXI. graviter monet.,,
2.54.16,Cavete ne corda vestra graventur crapula et ebrietate.,,
2.100.0,AMOR CAUSA OMINUM,,"""caussa"" was corrected to ""causa"""
2.100.1,"Quidam eruditus vir Caesar Trevisanus integrum commentarium edidit Italicum, de quodam Symbolo sive Emblemate, quod ipse vel impressam vulgari nomine, vel Insigne, vel saltem quandam ingeniosam et amoenam inventionem appellare voluit.",,"""eddidit"" was corrected to ""edidit"""
2.100.2,"Ex hoc scripto nos praecipua quaedam capita tantum, paulo tamen verbosius quam in aliis factum est, enarrare, et illo huic nostrae secundae Centuriae finem imponere constituimus.",,
2.100.3,"Curavit autem autor depingi quatuor diversis generis animalia, eo modi ut unum alterum respiceret. ",,"""depigni"" was corrected to ""depingi"""
2.100.4,Inter illa aquila et leo e regione superius et inferius Siren cum Dracone conspicibantur(.) ,,
2.100.5,"His autem animalibus, amorum quatuor genera voluit repraesentare, nimirum desiderium et amorem verae gloriae et famae.",,
2.100.6,"Secundum virtutis et praestantiae animi, tertium pulchri, quartum divitiarum; quibus eorum proprietates accommodat.",,
2.100.7,"Nam ad primum quod omnia inferiora in altum ducit, et famae ac gloriae rebus praeclaris et laudabilibus conquisitae, incumbit, aquilia pertinet, quae inter omnes alias aves volatis suo partes superiores coeli petit, et acie praeterea oculorum singulari praedita est, unde veteres poetae Iovis esse ministrum fabulati sunt Soli autem aquila corona in capite est addita, quae amorem sanctum et divinum circa res coelestes designat.",,"""aquilia"" was corrected to ""aquila"""
2.100.8,"Leo secundo generi accommodatur, qui robore et quasi fortitudine quadam caeteris universis animalibus dominari dicitur, adeo generosi animi, et timiditatis atque ignavia expers, ut autores rerum naturalium scribant quod hominibus dormientibus, vel in terram, quasi mortui essent, prostratis, vel etiam infantibus parcat, nec illis ullam novam inferat, ac praeterea in campis apricis et latentibus securus, spretis venatoribus, non mutato consueto ingressu, procedat: quod virtutis et magnanimitatis conveniens est exemplum.",,"""caeteris"" was corrected to ""ceteris"""
2.100.9,"Ad tertium genus amoris, quod in vera rerum pulchritudine appetenda consistit Siren additur, cui, ut fingunt poetae, tam suavis vox est, ut omnes qui audiant ita demulceat, quod etiam somno inde corripiantur.",,
2.100.10,(Alibi tamen ad illicitum amorem hanc similitu-,,
2.101.1,"dinem transferri, non est ignotum.)",,
2.101.2,"Draco ultimo generi comparatur, quod versatur circa divitias et opes mundanas; nam his illum praesidere ac custodire eas perihibent, et oculis quoque utitur acutissimis, quae omnia divitiis conquirendis non male possunt applicare.",,
2.101.3,"Quod si cum <gr>mikroko/smw</gr> quoque, id est, parvo mundo sive homine hoc conferre voluerimus Aquile semper in altis locis viventi, et praedae in hiante caput restondet, in quo est intellectus inperpetua rerum inveniendarum meditatione occupatus, deinde os quoque illi ad cibum ingerendum in est; Leoni cum pectore conveniet, in quo constitit fortitudo; Sireni tanquam voluptariae et in aquis degenti inferior venter; et tandem Draconi per terram repenti pedes et crura attribuentur.",,
2.101.4,"Circum hoc vero animalia undiquaque flamma mollis et lucida conspicitur, qua nobilitas et excellentia amoris denotatur, nam inter alia elementa ignis praecipuum locum obtinet, tanquam magis efficax reliquis.",,
2.101.5,"Occupat autem haec flamma universum spacium circa quatuor animalia, quoniam ipsius vis et potentia per cunctas res penetrat atque sese diffundit.",,
2.101.6,"Quod etiam catena indicat, quibus animal invicem colligantur, et saepe unum ad alterum pertrahitur.",,
2.101.7,"Est autem illa in superiore parte aurea circa Aquilam et Leonem, cum amor divinus et universalis sit praestantissimis circa inferiora autem animalia plumbea humanum atque bestialem significans.",,
2.101.8,"Huic <gr>muqologikw=</gr> figmento autor addidit inscriptionem graecam hanc, <gr>o( e)rws a(pantwn a)/ition, kai\ pro\s au)to\n a(/panta</gr>, id est, Amor caussa omnium, et ad ipsum omnia: quod nimirum ex amore vere omnes res originem ducant primumque rerum sit principium, et sic tandem in ipsum universa quoque revertantur.",,
2.101.9,"Ingeniose haec sana et eleganter excogitata fateor, quae tamen in schola pietatis Christianae multo melius et rectius explicantur.",,"The dot of the letter ""i"" was added in the word ""melius""."
2.101.10,"Nam, ut taceam de Amore Dei erga genus humanum (cuius vim et praestantiam nulla unquam lingua humana satis exprimere vol",,"""hnmana"" was corrected to ""humana"""
2.102.1,"laudare potest) primum est amor sive dilectio, quo DEUS diligitur propter se, et proximus propter DEUM, ut docet B. Augustinus de doctrina Christiana: qui lib. VIII. de Civitate DEI quoque ait, Platonem non dubitare hoc esse philosophari, scilicet DEUM amare, de quo habemus praecepta sacrarum literarum plurima, quae nunquam ex animis nostris sunt deponenda.",,
2.102.2,"Est deinde amor erga proximum, qui proprie Charitas dicitur, qui ex priore qua si uber rimo fonte promanat, qui enim Deum amare negligit, diligere proximum nescit, ut veterum quidam dixit.",,"The dot of the letter ""i"" was added to the second ""qui"""
2.102.3,"Et secundum S. Paulum, 1. ad Timoth. I. Finis praecepti est charitas ex corde puro, conscientia bona ac fide non ficta.",,
2.102.4,"Et SALVATOR noster, Ioan. XIII. certum ac indubitatum signum suorum discipulorum dicit esse mutuam dilectionem.",,
2.102.5,Huc etiam referri debet amor patriae.,,
2.102.6,"nam quid illa nobis potest esse proximior quam Ethnici etiam adeo magni fecere, ut pro illa mortem saepe obierint?",,"The question mark after the word ""proximior"" was moved to the end of the sentence."
2.102.7,"Et Seneca dicat,",,
2.102.8,Praeferre patriam liberis regem decet.,,
2.102.9,"Maxime autem charitati adversatur amor sui, cum quo congruit amor huius seculi, quae gracis est <gr>filauti/a</gr>, quae omnium vituperabilium affectionum dicitur esse principium, sicut superbia est finis.",,
2.102.10,"Hunc stultum et improbum merito appellat Horatius, et Aristoteles VI.",,
2.102.11,"Et his infamem, alii caeciem: a quo vitto omnes quam longissimi abesse debemus. ",,"The word ""caeciem"" is unclear"
2.102.12,"Est denique amor honestus et laudabilis in rem aliquam vel animatam vel inanimatam (quem Plato etiam videtur describere in dialogo, quem symposium sive de amore inscrpisit) quia longe lateque sese extendit, ea tamen conditione, ne ullo modo limites honesti excedat.",,
2.102.13,Atque extat egregium dictum apud Dionysium (ut fertur) Areopagitam in libro de divinis nominibus.,,
2.102.14,"Amorem sive divinum sive angelicum, sive spiritualem, sive animalem aut naturalem dicas, infitam quandam intellige et connascentem virtutem, quae superiora quidem ad inferiorum Providentiam prolicit,",,
2.103.1,"aequacia rursum ad socialem sui invicem communionem conciliat, ac prostremo in fima quaeque incitat, ut sublimior a potioraque convertantur, in amo veluti fomite quodam igneo amplius succensare siliant.",,"""in amo"" was corrected to ""in amore"""
2.103.2,"Haec illo Prostremo loco est inhonestus et voluptarius amor, priori plane contrarius, praesertim ille impudicus et <gr>e)rwtiko)s</gr>, qui belluarum similes homines reddit, atque ideo <gr>qhrio/thta</gr>, quandam Aristoteles vocat.",,
2.103.3,"Quantum vero libidines vagae nocuerint omni tempore, et quo pacto propter illas non solum privati homines a DEO puniti gravissimi sed etiam ideo saepe numero integra regna funditus, eversa fuerint, tam sacrae quam profane historiae plurimae testantur.",,
2.103.4,FINIS Centuriae II.,,