Citation,Passage,Source,Source URN,Comments
1.49.7,"""Quem, quia respicit omnia solus, ",Boe. Cons. 5.M2,"urn:cite2:fufolio:camerarius1668.2020a:01_00099@0.1279,0.6785,0.5084,0.02509",
1.49.08,"Verum possis dicere solem.""",Boe. Cons. 5.M2,"urn:cite2:fufolio:camerarius1668.2020a:01_00099@0.1268,0.7007,0.4245,0.02625",
2.14.6,<gr> dida/skalon sofo\n kai\ ar)i/stwn Bouleuma/twn </gr>,Sophocles,"urn:cite2:fufolio:camerarius1668.2020a:02_00029@0.02201,0.4620,0.8354,0.2347",
2.14.6,"<gr> polwte/leia ma/thr ta=s a)krasi/as, au(/ta de\ ta=s u(/brios, e)c a(=s tw=n e)n an)trwpe\nois kakw=n ta\ polla </gr>","Ecphantem Pythagoricum. lib. de Regno, citante Stobaeo","urn:cite2:fufolio:camerarius1668.2020a:02_00029@0.02201,0.4620,0.8354,0.2347",
3.1.1,<gr> oiwnw=n Basileu\s </gr>,Pindar,"urn:cite2:fufolio:camerarius1668.2020a:02_00029@0.02201,0.4620,0.8354,0.2347",
3.1.1 ,"et huic alitum, secundum Plinium, maximus honor et max. vis insit",Pliny,"urn:cite2:fufolio:camerarius1668.2020a:03_00003@0.04088,0.1307,0.8082,0.09988",
3.1.2,Eius genera sex recenset Aristotiles lib. IX. cap. XXXII. quorum haec sunt nomina.,Aristotle,"urn:cite2:fufolio:camerarius1668.2020a:03_00003@0.02411,0.2056,0.8176,0.07143",
3.1.4,"II. <gr> morfno\s </gr>, Naevia, vel <gr> nhttofo/nos </gr> anataria, vel <gr> pla/ggos </gr>, id est, planga vel clanga, Homoro <gr> perkno\s </gr>",Hom. Iliad 24.316,"urn:cite2:fufolio:camerarius1668.2020a:03_00003@0.03354,0.2753,0.8113,0.07433",
3.1.10,"At paulo aliter Plinius lib X. cap III haec enumerat, de quibus hic disputandi locus non est.",Pliny,"urn:cite2:fufolio:camerarius1668.2020a:03_00003@0.03564,0.4535,0.8082,0.06388",
3.1.12,Prophetae Ezech. quo in loco per eam regnum Babylonicum et AEgyptium designatur.,Bible: Ezekiel? ,"urn:cite2:fufolio:camerarius1668.2020a:03_00003@0.03564,0.5430,0.8019,0.05981",
3.1.13,"Xenoph.lib.VII. de Cyri disciplina et Q. Curtius lib III, praecipuum signum erercitus Persici auream Aquilam fuisse scribit.",Xenoph.lib.VII.,"urn:cite2:fufolio:camerarius1668.2020a:03_00003@0.02516,0.5836,0.8417,0.06156",
3.1.14,"Idemque Romani longa serie ab Hetruscis acceptum observarunt, secundum Dionys. Halicar.lib.III. et Dionem lib.XL.",Dionys. Halicar.lib.III. et Dionem lib.XL.,"urn:cite2:fufolio:camerarius1668.2020a:03_00003@0.03249,0.6243,0.8092,0.06330",
3.1.18,"Opt. vero Imp. MAXIMILIANUS II. idem cum graeco dicto usurpavit, <gr> EN KAIRW E(KATERON </gr>, id est, tempore opportuno utrumque eadem significatione.","Maximilian II, Holy Roman Emperor","urn:cite2:fufolio:camerarius1668.2020a:03_00003@0.03040,0.8148,0.8082,0.06678",
2.46.2,,"Julius Caesar, Commentarii de Bello Gallico IV","urn:cite2:fufolio:camerarius1668.2020a:02_00093@0.04612,0.2379,0.8438,0.06970",
2.46.9,"Dodeneus existimat Strabonem, Solinum, Pausaniam (quamvis plenam illius cognitionem non habuerunt) de nostra Alce esse intelligendos.",,,
2.46.14,"Quare Plinuis recte dicit lib. XV cap. XIV. Nihil tam parvum est, quod non gloriam (et utilitatem) parere possit","Pliny the Elder, Natural History 15.15","urn:cite2:fufolio:camerarius1668.2020a:02_00093@0.01468,0.7667,0.9224,0.07200",
1.93.1,"Hoc symbolum explicat Erasmus in suis Adagiis Chiliad. I. Centuria IV. proverbio XXXVIII. Nihil cum Amaracino sui, hoc est Solidius ac impuris vel optima sordent ac displicent,","Desiderius Erasmus, Adagiorum Chiliades 1.4.38","urn:cite2:fufolio:camerarius1668.2020a:01_00187@0.01677,0.2115,0.8753,0.1559","Camerarius is quoting Erasmus who in his work is quoting Gellius ""nihil cum amaracino sui.""
The first two lines of the Lucretius poem and a reference to Servius can also be found in Erasmus' proverb entry."
1.93.1,"cum sit secundum Horatium, amica luto.","Horace, Odes 2.16.26","urn:cite2:fufolio:camerarius1668.2020a:01_00187@0.01677,0.2115,0.8753,0.1559","This is likely a misspelled ""amara lento"" from Horace, Odes, book 2, chapter 16, line 26"
1.93.2,"Servius in lib. I. Aneid. scribit Amaracum puerum fuisse Regis unguentorium; qui casis lapsus dum ferret unguenta, majorum confusione odorem excitarit, unde optima unguenta Amaracina dici coeperunt, ","Marcus Servius Honoratus, Commentary on the Aeneid 1.693","urn:cite2:fufolio:camerarius1668.2020a:01_00187@0.009434,0.3444,0.9015,0.1307","Amaracum to unguentorium have the same words but changed endings and order, the rest afterwards is a quote."
1.93.3,"Sic etiam bonae litterae hominibus rudibus et male instititis sunt adversissimae, quem admodum suillo generi unguenta odorata: Quo pacto etiam A. Gellius in fin Noct.","Aulus Gellius, Noctes Atticae, praefatio 9","urn:cite2:fufolio:camerarius1668.2020a:01_00187@0.01887,0.4447,0.8836,0.07335",
1.93.5,Lucretius VI. libro quoque haec habet.,"Lucretius, De Rerum Natura 6.973-978","urn:cite2:fufolio:camerarius1668.2020a:01_00187@0.01153,0.5570,0.6205,0.02980",
1.93.6,"Denique amaracinum fugitat sus, et timet omne.","Lucretius, De Rerum Natura 6.973","urn:cite2:fufolio:camerarius1668.2020a:01_00187@0.03249,0.5748,0.8134,0.03438",
1.93.7,"Unguentuna: nam fetigetis subus acre venenum est,","Lucretius, De Rerum Natura 6.974","urn:cite2:fufolio:camerarius1668.2020a:01_00187@0.06709,0.5983,0.7841,0.03324",
1.93.8,Quod nos interdum tanquam recreate videtur.,"Lucretius, De Rerum Natura 6.975","urn:cite2:fufolio:camerarius1668.2020a:01_00187@0.06499,0.6206,0.7138,0.03152",
1.93.9,At contra nobis coenum teterrima cum sit,"Lucretius, De Rerum Natura 6.976","urn:cite2:fufolio:camerarius1668.2020a:01_00187@0.07233,0.6407,0.6499,0.02865",
1.93.10,"Spurcities: eadem subus haec tam munda videtur,","Lucretius, De Rerum Natura 6.977","urn:cite2:fufolio:camerarius1668.2020a:01_00187@0.06709,0.6607,0.7484,0.03381",
1.93.11,Insatiabiliter toti ut volvantur ibidem.,"Lucretius, De Rerum Natura 6.978","urn:cite2:fufolio:camerarius1668.2020a:01_00187@0.06604,0.6802,0.6247,0.03438",
1.93.14,"Et in Epist Petri, est sus in volutabro coeni.","Bible, Second Epistle of Peter 2.22","urn:cite2:fufolio:camerarius1668.2020a:01_00187@0.02621,0.7731,0.6153,0.03209","This is likely a Latin translation of a Greek Bible verse ""ὗς λουσαμένη εἰς κύλισμα βορβόρου"""
2.37.6,"Legitur apud Pluterebum in commentario de solertia animalium, ad Pantheram pleraque accedere animalia, suavitate odoris illecta, et maxime Simias.","Plutarch, De solleria animalium, 3.24","urn:cite2:fufolio:camerarius1668.2020a:02_00075@0.03669,0.3854,0.8595,0.09259",
2.37.7,"Idemque testantur Aristoteles, Solinus, Aelianus, et Plinius","Aristotle, historia animalium 6.6; Gaius Julius Solinus, De Mirabilibus Mundi/Polyhistor; Claudius Aelianus (Aelian), De natura animalium 6.6","urn:cite2:fufolio:camerarius1668.2020a:02_00075@0.03040,0.4485,0.8637,0.09433",
2.37.7,"Idemque testantur Aristoteles, Solinus, Aelianus et Plinius, qui postremus haec clarius exponit, ubi sic scribit: Ferunt odore earum mire solicitari quadrupedes cunctas.","Pliny the Elder, Natural History 8.23","urn:cite2:fufolio:camerarius1668.2020a:02_00075@0.03040,0.4485,0.8637,0.09433",
2.37.9,"Idem fere scribunt Theophrastus quoque lib. de Odoribus, et Philostrat. lib. II. ","Theophrastus, De Odoribus, 13; Philostratus The Life of Apollonius of Tyana 2.14","urn:cite2:fufolio:camerarius1668.2020a:02_00075@0.04507,0.5341,0.8491,0.07350","An exact reference to panthers in De Odoribus has yet to be located. However, in chapter 13, in the first paragraph, Theophrastus makes a claim that animal smells correspond to their characteristics, which goes along with a correaltion between panthers and sneaky behaviors that Camerarius explains in the next sentence. This reference may serve as a segway, then? In chapter 2, however, Theophrastus also makes a generalized claim that animals are conscious of of other animals' smells, which corresponds to the previous references Camerarius made of texts specifically stating that animals like the scent of the panther."
2.37.10,"Quare sapientes Aegyptis (ut Orus scribit) himinem sceleratum et malitiosum designaturi, qui animum suum subdole occuliet, Pantheram alia animalia per sequentem pingebant, vitium profecto ut max. detestandum, sic bodie nimis usitatum: dequo Cicero III. Verrina orat, Nullae sunt, inquit, occultiores insidiae quam hae, quae laten? in simulatione officii, ac lib. I. de Off. recte ait.","Cicero, In Verrem 2.3","urn:cite2:fufolio:camerarius1668.2020a:02_00075@0.04193,0.5781,0.8553,0.1134",
2.37.12,Extat Dionis Chrysostomi libellus <gr>peri a)pistias</gr>,"Dio Cocceianus, Dio Chrysostom","urn:cite2:fufolio:camerarius1668.2020a:02_00075@0.03669,0.7459,0.8669,0.05150","Dio Cocceianus is also known as Dion of Prusa, and is cited as such by Camerarius in volume 4, chapter 96 (the change is possibly due to Camerarius' son, Ludwig being the editor on the fourth volume?)."
2.37.13,Alii generalius ad omnia genera voluptatis prava referunt: de quibus Silius Italicus:,"Silius Italicus, Punica, 15.94-5","urn:cite2:fufolio:camerarius1668.2020a:02_00075@0.03669,0.7645,0.8711,0.07813",
2.37.14,"nec ita deum tantum, nec tela, nec hostis, Quantum sola noces animis voluptas.","Silius Italicus, Punica, 15.94-5","urn:cite2:fufolio:camerarius1668.2020a:02_00075@0.05765,0.8351,0.8040,0.06539",
4.96.5,"Rectiss(ime) igitur Q Cicero, Legatus Caesaris, respondit Nervius: Non esse consuetudinem Rom(ani) populi, ullam accipere ab hoste armato conditionem.","Julius Caesar (quoting Quintus Tullius Cicero), Commentarii de Bello Gallico 5.41","urn:cite2:fufolio:camerarius1668.2020a:04_00193@0.001048,0.2928,0.8438,0.08875",
4.96.6,"Et memorabilus est ille apud livium lib. XXXIII. inter Philippum Macedonem, et T. Quintium congressus, ex quo patet nullam fidem esse cum hoste ad colloquium congredi.","Livy, Ab Urbe Condita, 33","urn:cite2:fufolio:camerarius1668.2020a:04_00193@0.001048,0.3567,0.8532,0.09214",
4.96.7,"Sic sane II. Samuel. XX. Amasa sub pacis et amicitiae praetextu a Ioabo interimitur, non attendens cinctum eum gladio.","Bible, Second Samuel, 20.8-10","urn:cite2:fufolio:camerarius1668.2020a:04_00193@0.000,0.4183,0.8616,0.07688",
4.96.8,"Philip(pus) quidem Cominaeus saepius monet, quantum sit periculi in congressibus magnorum Principum, et quam dubia ac periculosa sint inter ipsos plerunque contracta faedera.","Philippe de Commynes, Memoirs","urn:cite2:fufolio:camerarius1668.2020a:04_00193@0.001048,0.4624,0.8553,0.09553",
4.96.9,"Et affert cum alia exempla, tum inprimis lib. III. Ludovici Regis Galliae, Peronae in Caroli Burgundi potestare periclitantis: et lib. VI. se Ioanne Burgund. Duce a Rege Carolo in mutua salutatione interempto: quae sunt illustria.","Philippe de Commynes, Memoirs 3","urn:cite2:fufolio:camerarius1668.2020a:04_00193@0.001048,0.5252,0.8637,0.09101","Figures referenced are Louis XI and Charles VIII, Kings of France, and ""Charles the Bold"" the Duke of Burgundy"
4.96.10,"Recte igitur Demosthenes in Phil(ippum) dicit, urbibus ad custodiam multa quidem inventa esse, valla, moenia, fossas, et cetera que tamen omnia manibus conficiantur, et sumptus postulent ingentes.","Demosthenes, Philippic","urn:cite2:fufolio:camerarius1668.2020a:04_00193@0.000,0.5845,0.8648,0.1215","Camerarius speaks generally of defences and cost ordered by Demosthenes, which is the topic of the entirety of this first Philippic oration, when speaking to the Athenian men about raising arms against Philip II of Macedon. In Philippic II, he warns the Athenians against trusting Philip II after peace. Therefore Camerarius seems to be generally referring to these orations rather than something specific within them."
4.96.12,"Et sane in celebrem illum de hac Epicharmi versiculum integrum etiam scriptum Dio Prusaensis contexuit, quod Graece et latine avus meus olim edidit.","Epicharmus, ; Dion of Prusa, ; Joachim Camerarius the Elder","urn:cite2:fufolio:camerarius1668.2020a:04_00193@0.000,0.7400,0.8606,0.08310","Dion of Prusa is also known by the name Dio Cocceianus, and is cited as such by Camerarius in volume 2, chapter 37 (the change is possibly due to this volume being heavily done by L. Camerarius rather than the original Camerarius). Camerarius the elder is the father of the author, Camerarius the younger. The fourth volume was edited by Camerarius (the younger)'s son Ludwig Camerarius, which is why Camerarius the elder is refered to as the author's ""avus"" (gradfather)."
1.68.4,"Quare, ut poeta monet,","Ovid, Remedia Amoris","urn:cite2:fufolio:camerarius1668.2020a:01_00137@0.04298,0.4211,0.8595,0.05315","Camerarius seems to have added an extra ""r"" to ""sero"""
1.68.5,"Principiis obsta: serro medicina paratur,","Ovid, Remedia Amoris, 91","urn:cite2:fufolio:camerarius1668.2020a:01_00137@0.1069,0.4620,0.6625,0.03154","Camerarius changes Ovids ""convaluere"" to ""invaluere"""
1.68.6,Cum mala per longas invaluere moras.,"Ovid, Remedia Amoris, 92","urn:cite2:fufolio:camerarius1668.2020a:01_00137@0.1918,0.4866,0.5912,0.02862",
1.68.7,Et ut Phocylides: <gr> a)rxo/menon to\ kako\n ko/ptein</gr> et cetera.,"Pseudo-Phocylides, 143","urn:cite2:fufolio:camerarius1668.2020a:01_00137@0.03145,0.5053,0.8113,0.05607",This sentence of pseudo-phoclydides is also sometimes cited as 135.
1.68.8,Similiter Persius Sat. III.,"Persius, The Satires 3","urn:cite2:fufolio:camerarius1668.2020a:01_00137@0.02830,0.5327,0.5346,0.02921",
1.68.9,"Elleborum frustra, cum jam cuctis aegra tumebit,","Persius, The Satires 3.63","urn:cite2:fufolio:camerarius1668.2020a:01_00137@0.06604,0.5491,0.7589,0.03563",
1.68.10,Poscentes videas venienti occurrite morbo.,"Persius, The Satires 3.64","urn:cite2:fufolio:camerarius1668.2020a:01_00137@0.1143,0.5742,0.6876,0.02979",
1.68.11,De hoc symbolo quidam eruditum hoc carmen composuit.,"Nicolaus Taurellus, Emblemata physico-ethica","urn:cite2:fufolio:camerarius1668.2020a:01_00137@0.06813,0.5940,0.7893,0.03037",https://books.google.com/books?id=4TVUAAAAcAAJ&printsec=frontcover#v=onepage&q=urticam&f=false
1.68.12,"Molliter urticam si quis tractaverit, uret,","Nicolaus Taurellus, Emblemata physico-ethica","urn:cite2:fufolio:camerarius1668.2020a:01_00137@0.1289,0.6186,0.6447,0.02629",
1.68.13,Et timidas laedit tacta borago manus.,"Nicolaus Taurellus, Emblemata physico-ethica","urn:cite2:fufolio:camerarius1668.2020a:01_00137@0.1268,0.6373,0.6981,0.03037",
1.68.14,"His tamen intrepido franguntur spicula pressu,","Nicolaus Taurellus, Emblemata physico-ethica","urn:cite2:fufolio:camerarius1668.2020a:01_00137@0.1226,0.6595,0.7254,0.03096",
1.68.15,Hacque omnis subito pollitur arte dolor.,"Nicolaus Taurellus, Emblemata physico-ethica","urn:cite2:fufolio:camerarius1668.2020a:01_00137@0.1834,0.6817,0.6247,0.02979",
1.68.16,"Res age, non magnis nec neglige viribus hostem","Nicolaus Taurellus, Emblemata physico-ethica","urn:cite2:fufolio:camerarius1668.2020a:01_00137@0.1394,0.7027,0.7013,0.03271",
1.68.17,"Sed leve, quo poteris robore, tolle malum.","Nicolaus Taurellus, Emblemata physico-ethica","urn:cite2:fufolio:camerarius1668.2020a:01_00137@0.1981,0.7243,0.6457,0.03797",
2.3.1,"In Aethiopiae parte, cujus regni caput est Meroe, teste Strabone et Aeliano reperiuntur Dracones, quibus cum Elephantis pugna esse solet.","Strabo, Geography 17.2.2; Aelian, De Natura Animalium 2.21","urn:cite2:fufolio:camerarius1668.2020a:02_00007@0.01887,0.1285,0.8732,0.07205",
2.3.2,"Plinius refert Indicos Elephantes esse maximos, ac bellantes cum ipsis perpetua discordia Dracones tantae magnitudinis, ut et ipsos circumflexu facile ambiant, nexuque nodi per stringant: mutuamque illorum necem Philo quoque Iudaeus narrat tract. <gr> peri/ a)fqarsi/as ko/smou </gr>","Pliny the Elder, Natural History 8.11; Philo Judaeus, De Aeternitate Mundi, 24;","urn:cite2:fufolio:camerarius1668.2020a:02_00007@0.01048,0.1706,0.8941,0.1228",Philo Judaeus is more commonly known as Philo of Alexandria.
2.3.3,"Hoc Symbolum Iovius scribit a se esse excogitatum in gratium Sinibaldi et Ottoboni Fliscorum, qui illud usurparunt ad memoriam justae ultionis (quem admodum ipsi arbitrabantur) propter fratrem tertium Hieronymum Comitem, crudeliter ab aemulis suis Fregosiis interfectum, cum eam ob causam paulo post quinque etiam ex familia Fregosia violenta moret perierint.","Paolo Giovio, Dialogo dell'imprese militari et amorose 86-87;https://dibiki.ub.uni-kiel.de/viewer/resolver?urn=urn:nbn:de:gbv:8:2-651962 ","urn:cite2:fufolio:camerarius1668.2020a:02_00007@0.02306,0.2888,0.8627,0.1579",* https://dibiki.ub.uni-kiel.de/viewer/image/PPN668469730/90/#topDocAnchor 
2.3.4,"Addita fuit inscriptio Hispanica: NON VOS ALABAREIS, is est, non est quod vos gloriemini propter crudelitatem vestram, cum potius de Reip. Genuensis principatu legibus aut armis legitimis debuissetis contendere CL vir. D. Sambucus in Emblematib. de hac cruenta pugna tales versus composuit.","Paolo Giovio, Dialogo dell'imprese militari et amorose 86-87 https://dibiki.ub.uni-kiel.de/viewer/resolver?urn=urn:nbn:de:gbv:8:2-651973; János Zsámboky, Emblemata cum aliquot nummis antiqui operis","urn:cite2:fufolio:camerarius1668.2020a:02_00007@0.02935,0.4127,0.8627,0.1372",
2.3.18,"Vsus est quoque hoc symbolo Delphinus Titio Comes Tesanae, cum inscriptione non multum dissimili, VINDICE DEO.",,"urn:cite2:fufolio:camerarius1668.2020a:02_00007@0.02621,0.7954,0.8595,0.05821","Apparently ""deo vindice"" is also the motto for the Confederate states of America"
2.80.2,"Nihilominus perhibent hoc cautum et astutum alioque animalculum (in quod propterea Galanthidem, qua partum Alcmenae, invita Lucina callide procurasset transformatam fuisse fingit Ovid. libi IX. Metamorphos.) perhibent nescio quo errore vel temeritate indictum sponte sua interdis in os bufonis inimici sui irruere atque ita nonnunquam perire, haud a liter quam viperam caput maris orisuo insertum praemordere quidem ajunt, Camillus de Camillis, et Ioannes Baptista Pittonus in Italicis suis scriptis de Impressis vulgo dicti, hoc quidem ita se habere affirmant, sed apud veteres rerum Naturalium autores (quod memini) nusquam reperitur annotatum.","Ovid, Metamorphosis 9.306-323","urn:cite2:fufolio:camerarius1668.2020a:02_00161@0.008386,0.2105,0.8784,0.2846",
2.80.4,"Quem affectum admodum impetuosum Seneca poeta in duobus locis egregie de scribit, quorum prior extat in Tragoedta Hippolyto:","Seneca the Youger, Phaedra","urn:cite2:fufolio:camerarius1668.2020a:02_00161@0.000,0.5716,0.8889,0.07131","The tragedy Phaedrea is also known as Hippolytus, which is what Camerarius referrs to it as."
2.80.5,Furor cogit sequi,"Seneca the Younger, Phaedra 178","urn:cite2:fufolio:camerarius1668.2020a:02_00161@0.3501,0.6308,0.3291,0.03278",
2.80.6,Periora: nadit animus in praeceps sciens.,"Seneca the Younger, Phaedra 179","urn:cite2:fufolio:camerarius1668.2020a:02_00161@0.1090,0.6544,0.5922,0.03220",
2.80.7,"Remeatque, frustra sana consilia appetens.","Seneca the Younger, Phaedra 180","urn:cite2:fufolio:camerarius1668.2020a:02_00161@0.1080,0.6757,0.6426,0.03220",
2.80.8,Alter est in Medea.,"Seneca the Younger, Medea","urn:cite2:fufolio:camerarius1668.2020a:02_00161@0.3218,0.6964,0.3774,0.03220",
2.80.9,"Coeces est ignis stimilatus ira,","Seneca the Younger, Medea 591","urn:cite2:fufolio:camerarius1668.2020a:02_00161@0.1080,0.7159,0.5042,0.03220",
2.80.10,"Nec regi curat, patiturque frenes,","Seneca the Younger, Medea 592","urn:cite2:fufolio:camerarius1668.2020a:02_00161@0.1017,0.7361,0.5294,0.03220",
2.80.11,"Haud timet mortem, cupit ite in ipsos","Seneca the Younger, Medea 593","urn:cite2:fufolio:camerarius1668.2020a:02_00161@0.09958,0.7573,0.5702,0.03220",
2.80.12,Obvius enses.,"Seneca the Younger, Medea 594","urn:cite2:fufolio:camerarius1668.2020a:02_00161@0.3260,0.7775,0.3092,0.03220",
2.80.13,Ipsa Medea apud Ovid. Heroid similiter ait:,"Ovid, Heroides 12","urn:cite2:fufolio:camerarius1668.2020a:02_00161@0.02830,0.7999,0.6551,0.03738",
2.80.14,Quo feret ita sequar: facti fortasse pigebit.,"Ovid, Heroides 12.209","urn:cite2:fufolio:camerarius1668.2020a:02_00161@0.09644,0.8240,0.6551,0.03738",
3.47.1,"Varro lib. III. de re rustica cap. IX. Meleagridas vocat gallinas Africanas, quae aliis sunt Numidicae, quae ad nos quoque deferuntur.","Marcus Terentius Varro, De re rustica 3.9","urn:cite2:fufolio:camerarius1668.2020a:03_00095@0.01468,0.1492,0.8920,0.07598",
3.47.2,"Quamquam vero Gesnerus nostras vulgo dictas Indicas gallinas ad Meleagridas recenseri posse existimet (sicuti quoque Turnerus Anglus, et Bellonius Gallus) rectim tamen pavonem Indicum vel Gallopavum nominari idem Gesnerus putat.","Conrad Gessner, De historia animalium 3 ","urn:cite2:fufolio:camerarius1668.2020a:03_00095@0.001048,0.1991,0.8931,0.1137","https://www.loc.gov/resource/rbctos.2017gen04347v2-3/?sp=622&r=-0.151,0.56,1.655,0.668,0  "
3.47.3,"Sed Gillius interpres et commentator Aeliani lib. XVI. de Animal. cap II. existimat, Gallinaceum Indicum debere appellari.","Aelian, De natura animalium 16.2","urn:cite2:fufolio:camerarius1668.2020a:03_00095@0.000,0.2856,0.8889,0.08264",
3.47.6,"Est autem hoc dictum ex Claudiano de IV. consulatu Honorii desumtum, ubi ait:","Claudian, Panegyricus de Quarto Consulatu
Honorii Augusti ","urn:cite2:fufolio:camerarius1668.2020a:03_00095@0.000,0.5125,0.9025,0.06489",
3.47.7,Iram sanguinei regio sub pectore cordis,"Claudian, Panegyricus de Quarto Consulatu
Honorii Augusti 8.241","urn:cite2:fufolio:camerarius1668.2020a:03_00095@0.08700,0.5735,0.6468,0.03161",
3.47.8,"Protegit, imbutam flammis avidamque nocendi,","Claudian, Panegyricus de Quarto Consulatu
Honorii Augusti 8.242","urn:cite2:fufolio:camerarius1668.2020a:03_00095@0.08386,0.5968,0.7704,0.03161",
3.47.9,"Praecipitemque sui, rabir succenta tumescit.","Claudian, Panegyricus de Quarto Consulatu
Honorii Augusti 8.243","urn:cite2:fufolio:camerarius1668.2020a:03_00095@0.08281,0.6206,0.6740,0.02829",
3.47.10,Cum quo convenenit Persius lib. III.,"Persius, Satires 3","urn:cite2:fufolio:camerarius1668.2020a:03_00095@0.000,0.6406,0.5660,0.02829",
3.47.11,"Nunc face supposita, fervescit sanguis et ira","Persius, Satires 3.116","urn:cite2:fufolio:camerarius1668.2020a:03_00095@0.08805,0.6611,0.7002,0.02884",
3.47.12,"Scintillant oculi, dicisque facisque quod ipse","Persius, Satires 3.117","urn:cite2:fufolio:camerarius1668.2020a:03_00095@0.08700,0.6828,0.7138,0.02884",
3.47.13,"Non sani esse hominis, non sanus jure Orestes","Persius, Satires 3.118","urn:cite2:fufolio:camerarius1668.2020a:03_00095@0.08700,0.7027,0.7338,0.02884",
3.47.14,"Seneca quoque in lib. de ira eam luculenter describit his verbis: Nam in ea facies turbatior ora pulcherrima foedat, torvos vultus ex tranquillisate reddit, linquit decor omnis iratos.","Seneca, De ira 2.35","urn:cite2:fufolio:camerarius1668.2020a:03_00095@0.001048,0.7243,0.8878,0.09262",
4.51.1,"Cancrorum genus, inquit Arist. IV. hist. an. LI. multiplex est, nec facile enumerandum.","Aristotle, History of Animals, 4.51","urn:cite2:fufolio:camerarius1668.2020a:04_00103@0.02096,0.1448,0.8480,0.07811",
4.51.3,"De his etiam Plin. lib. IX. cap. XXXI. Omnia eius generis hieme laeduntur, autumno et vere pinguescunt, ac plenilunio magis, quia nocte sidus tepido fulgore mitificat. P. Bellonius scribit, eos plena luna uberiores silente flaccidos fieri.","Pliny the Elder, Natural History 9.31; Pierre Belon, L'Histoire de la nature des oyseaux","urn:cite2:fufolio:camerarius1668.2020a:04_00103@0.001048,0.2554,0.8857,0.1169",
4.51.4,"Quod ex Ciceron. I. de divinat. habet, qui generaliter ait, ostreis et conchyliis omnibus contingere, ut cum luna crescant pariter, pariterque decrescant.","Cicero, De divinatione, 2.33","urn:cite2:fufolio:camerarius1668.2020a:04_00103@0.000,0.3358,0.8920,0.07754",
4.51.5,"Sed et Lucilii illus apud Gel lib. XX. c. VII. notum est: Luna alit ostrea, et implet echinos.","Aulus Gellius, Attic Nights 20.8.4; Gaius Lucilius, Satires (fragments)","urn:cite2:fufolio:camerarius1668.2020a:04_00103@0.000,0.3797,0.8962,0.07526",Camerarius is quoting Gellius who is quoting Lucilius. This fragment of Lucilius is available in Gellius' work. https://archive.org/details/remainsofoldlati03warmuoft/page/398/mode/2up?view=theater
4.51.7,"Quin et ad litteratos, doctos et ingenios viros accommodare, quorum vigor et incrementum, sicutie contra miserie et squalor ferre in manu sunt potentum, secundum usitatiss. versiculum:","Martial, Epigrams","urn:cite2:fufolio:camerarius1668.2020a:04_00103@0.001048,0.5314,0.9004,0.1186",
4.51.8,"Sint Maecenates, non deerunt Flacce Marones.","Martial, Epigrams 8.56.5","urn:cite2:fufolio:camerarius1668.2020a:04_00103@0.1143,0.6363,0.7138,0.03364",
4.51.9,"In quam rem sane est memorabils Plutarchi in Orat. II. se fortuna et virtute Alexandri sententia, ita latine reddita: Ut enim frugum copiam bona temperies et tenuitas aeris gignit, ita artium et bonorum ingeniorum incrementa, benignitas, honor et humanitas regis efficit: et contra principum invidiam sordes aut studium contendendi omnia ista extinguit et perdit.","Plutarch, Moralia, On the fortune of Alexander, 2.","urn:cite2:fufolio:camerarius1668.2020a:04_00103@0.001048,0.6625,0.9067,0.1631",
3.27.2,"De gruum vero excubiis et vigilantia Aristoteles lib. IX. de hist. Animal. cap. X. Plinius lib. X. cap. XXIII. Aelianus lib. III. cap. XIII Plutarch de solertia animal. Basil. M. homil. VIII. hexaem Horapollo lib. II. cap. XCIV. et plures alii eadem prorsus tradunt, quae omnia Isidorus lib. XII. Orig. quasi in Epitomen contrabens ita expressit: Nocte autem excubias dividunt, et ordinem vigilarum per vices faciunt tenentes lapillos suspensis digitis, quibus somnos arceat; hoc quod cavendum erat, clamor indicat.","Aristotle, History of Animals 9.10; Pliny the Elder, Natural History 10.23; Aelian, De natura animalium 3.13; Plutarch, De solertia animal 29; Horapollo Nilous, Hieroglyphica 2.94; Isidore of Seville, Origines 12.7","urn:cite2:fufolio:camerarius1668.2020a:03_00055@0.001048,0.1824,0.9088,0.2205",Isidore's work Origines is more commonly known as Etymologiae.
3.27.4,"Hinc Alexander Magnus (ut refert Ammianus Marcellin. lib. XVI.) vigilandi exeplum sumpsisse videtur, cum fortunam tam suam quam suorum non temere alios in exercitu crederet; Dicitur enim aenea concha pl?vi supposita, brachio extra cubile protento, pilam argenteam in manu tenuisse, ut cum nervorum rigorem sopor lux asset infusus, gestaminis lapsi tinnitus abrumperet somnum.","Ammianus Marcellinus, History 16.5","urn:cite2:fufolio:camerarius1668.2020a:03_00055@0.001048,0.4141,0.9088,0.1785",
3.27.7,Quare Plato V. legum praeclare hoc etiam subjicit.,Plato,"urn:cite2:fufolio:camerarius1668.2020a:03_00055@0.000,0.6245,0.9099,0.05372",
3.27.9,Cum quo Plautina sententia in Rudente convenit.,"Plautus, Rudens","urn:cite2:fufolio:camerarius1668.2020a:03_00055@0.01992,0.7269,0.8983,0.03078",
3.27.10,vigilare decet hominem,"Plautus, Rudens 4.2.15","urn:cite2:fufolio:camerarius1668.2020a:03_00055@0.1635,0.7527,0.4140,0.03022",
3.27.11,Qui vult sua tempori conficere officia,"Plautus, Rudens 4.2.15","urn:cite2:fufolio:camerarius1668.2020a:03_00055@0.1017,0.7722,0.6247,0.03246","This line number is not a typo, Camerarius breaks up line 15 into two lines then skips to quote line 17 in the next line."
3.27.12,"Nam qui dormiunt libenter, sine lueto et cum malo quieseunt.","Plautus, Rudens 4.2.17","urn:cite2:fufolio:camerarius1668.2020a:03_00055@0.09119,0.7913,0.7925,0.05260",
3.27.14,NVNQVAM DECIDET.,"Pietro Melchiori, in Camillo Camilli, Imprese illustri di diuersi ","urn:cite2:fufolio:camerarius1668.2020a:03_00055@0.4518,0.8299,0.4476,0.04421",https://books.google.com/books?id=-wwRcr5OJzAC&pg=PA161&lpg=PA161&dq=%22NVNQVAM+DECIDET%22&source=bl&ots=UokK1fVSF4&sig=ACfU3U0eyF5XPcVeyUa5iRmlSv1_pcIPkg&hl=en&sa=X&ved=2ahUKEwjOpa_47v_xAhXUQs0KHaFIAlgQ6AEwAXoECAIQAw#v=onepage&q=%22NVNQVAM%20DECIDET%22&f=false
3.22.1,"Olorem vult Isidorus lib. XII. Originum sic nuncupatum, quod totus sit plumis albis praeditus, graeca derivatione, cum <gr>o(/lws </gr> totum significet. ","Isidore of Seville, Etymologiae 12.7","urn:cite2:fufolio:camerarius1668.2020a:03_00045@0.001048,0.1755,0.8847,0.08462","Etymologiae is also known as the Origines, which is how Camerarius cites this work."
3.22.2,Exprimit autem haec avis ob suum candidum colore apud Poetas et alios (quod et Pierius testatur) animi candorem et simplicem integritatem.,Pierio Valeriano Bolzani,"urn:cite2:fufolio:camerarius1668.2020a:03_00045@0.001048,0.2270,0.8847,0.09548",
3.22.3,"Eamque ob caussam hoc symbolum familiare habuit Ludovicus de Aquino, quo majores ipsus semper erga Reges suos coustanter observassent, se quoque toto suae vitae cursu religiose retenturum esse.",Louis-Henri d'Aquin,"urn:cite2:fufolio:camerarius1668.2020a:03_00045@0.001048,0.2870,0.8847,0.1235",Louis-Henri d'Aquin's name in Latin is often Ludovicus Henricus Aquinas
3.22.5,Commemorat autem Pierius Valerianus in Hieroglyphics ejusmodi candidorum virorum suis temporibus extitisse tria exempla maxime memorabilia. ,"Pierio Valeriano Bolzani, Hieroglyphia sive de sacris Aegyptorum litteris comentarii, 23","urn:cite2:fufolio:camerarius1668.2020a:03_00045@0.001048,0.4597,0.8847,0.07318",
3.22.6,"Iovianum nimirum Pontanum, nobilitatis Neapolitanae praecipuum, quem testantur ingenia quaevis bona et praeclara singulari animi promtitudine forvisse ac promovisse.",,"urn:cite2:fufolio:camerarius1668.2020a:03_00045@0.001048,0.5009,0.8847,0.09949",
3.22.7,"Alterum nominat  M. Antonius Sabellicum, ipsus Pierii praeceptorem, quem affirmant ne adversarios quidem apertos voluisse lacesse, sed potius omnes alba, ut dicitur, linea notasse. ",Marcus Antonius Coccius Sabellicus,"urn:cite2:fufolio:camerarius1668.2020a:03_00045@0.001048,0.5666,0.8847,0.09777",
3.22.11,Candor in hac aevo res inter mortua paene est.,,"urn:cite2:fufolio:camerarius1668.2020a:03_00045@0.1090,0.8176,0.7453,0.04860",
3.63.2,De qua multa Aelian lib III. cap. XLIV ubi refert inter palumbos adulteris quoquepoenam morte luere utrumquam sexum: in turturum vero et albarum columbarum genere matrem tantum foeminae agnoscere.,"Aelian, De natura animalium 3.44","urn:cite2:fufolio:camerarius1668.2020a:03_00127@0.001048,0.1800,0.9119,0.09663",
3.63.3,"Placuit antem hoc loco elgantissimum carmen doctissimi poetae D. Nathanis Chytraei: quod legitur in sacris ipsiss fastis in Februario, ascriberet","Nathan Chytraeus, ","urn:cite2:fufolio:camerarius1668.2020a:03_00127@0.001048,0.2479,0.9119,0.08448","I found a book that references Camerarius here, which is neat. https://books.google.com/books?id=8qtOAAAAcAAJ&pg=PA13&lpg=PA13&dq=%22avibus+blandissime+turtur%22&source=bl&ots=4nOhz7n5zO&sig=ACfU3U0ztmJCd7KBCjW_XHoLfx_lcZ1x-A&hl=en&sa=X&ved=2ahUKEwjFj_rxw5HyAhWJWM0KHfxgBqcQ6AEwAHoECAMQAw#v=onepage&q=camerarii&f=false"
3.63.4,"At tu prae reliquis avibus blandissime turtur,",,"urn:cite2:fufolio:camerarius1668.2020a:03_00127@0.001048,0.3247,0.9119,0.03644",All instances of this song I have found so far have been published after this text.
3.63.5,"Exemplum fidei et specimen constantis amoris,",,"urn:cite2:fufolio:camerarius1668.2020a:03_00127@0.001048,0.3473,0.9130,0.03092",
3.63.6,"Dic mihi, quid mattes aris adhibenda docebas: ",,"urn:cite2:fufolio:camerarius1668.2020a:03_00127@0.001048,0.3689,0.9130,0.03092",
3.63.7,"Unis et solius amor te comparis urget,",,"urn:cite2:fufolio:camerarius1668.2020a:03_00127@0.001048,0.3893,0.9130,0.03092",
3.63.8,"Cum quo dulce tibi viridi confidere ramo,",,"urn:cite2:fufolio:camerarius1668.2020a:03_00127@0.001048,0.4103,0.9130,0.03092",
3.63.9,"Cum quo dulce novis implere nepotibus agros,",,"urn:cite2:fufolio:camerarius1668.2020a:03_00127@0.001048,0.4346,0.9130,0.03092",
3.63.10,"Cum quo dulce mori. Sed enimdum vivitis, unus",,"urn:cite2:fufolio:camerarius1668.2020a:03_00127@0.001048,0.4561,0.9130,0.03092",
3.63.11,"Est animus vobis, est mens, est una voluntas,",,"urn:cite2:fufolio:camerarius1668.2020a:03_00127@0.001048,0.4743,0.9130,0.03092",
3.63.12,"Una fides studiumque unum; simul occidit alter,",,"urn:cite2:fufolio:camerarius1668.2020a:03_00127@0.001048,0.4953,0.9130,0.03092",
3.63.13,"Non genera aerea viduus desistit ab ulmo,",,"urn:cite2:fufolio:camerarius1668.2020a:03_00127@0.001048,0.5168,0.9130,0.03092",
3.63.14,Implens flebilibus late nemus omne quaerelis,,"urn:cite2:fufolio:camerarius1668.2020a:03_00127@0.001048,0.5395,0.9130,0.03092",
3.63.15,Non illum novus urit amor: memor ille prioris ,,"urn:cite2:fufolio:camerarius1668.2020a:03_00127@0.001048,0.5605,0.9130,0.03092",
3.63.16,"Conjugii, solus superantes exigit annos,",,"urn:cite2:fufolio:camerarius1668.2020a:03_00127@0.001048,0.5820,0.9130,0.03092",
3.63.17,Solus et in sterilli expectat sua funnera rome.,,"urn:cite2:fufolio:camerarius1668.2020a:03_00127@0.001048,0.6019,0.9130,0.03092",
3.63.18,Fallor an haec matres imitari exempla volebat,,"urn:cite2:fufolio:camerarius1668.2020a:03_00127@0.001048,0.6234,0.9130,0.03092",
3.63.19,Turturis ipse Deus ? nihil illis aptius omne,,"urn:cite2:fufolio:camerarius1668.2020a:03_00127@0.001048,0.6422,0.9130,0.03092",
3.63.20,Conjugis officium laudataque foedera pingit.,,"urn:cite2:fufolio:camerarius1668.2020a:03_00127@0.001048,0.6665,0.9130,0.03092",
3.63.21,"Typus profecto eximis matrimonii fidelis, deque etiam Horatius lib. I. od. XIII.","Horace, Odes 1.13","urn:cite2:fufolio:camerarius1668.2020a:03_00127@0.001048,0.6864,0.9130,0.05080",
3.63.22,Felices ter et amplius,"Horace, Odes 1.13.16","urn:cite2:fufolio:camerarius1668.2020a:03_00127@0.1572,0.7289,0.4214,0.03258",
3.63.33,"Quos irrupta tenet copula, nec malis ","Horace, Odes 1.13.17","urn:cite2:fufolio:camerarius1668.2020a:03_00127@0.07233,0.7499,0.6216,0.03258",
3.63.34,Divulsus querimoniis,"Horace, Odes 1.13.18","urn:cite2:fufolio:camerarius1668.2020a:03_00127@0.1604,0.7736,0.4623,0.03258",
3.63.35,Suprema citius solvet amore die.,"Horace, Odes 1.13.19","urn:cite2:fufolio:camerarius1668.2020a:03_00127@0.07862,0.7929,0.5744,0.03258",
2.12.5,"Bartholomeus Alvianus Dux militaris Venetus, ascribi curavit in suo vexilio, VENENA PELLO,","Bartholomeus Alvianus, leader of the Venetian military","urn:cite2:fufolio:camerarius1668.2020a:02_00025@0.02725,0.6464,0.8354,0.08723",This is the only mention of Bartholomeus Alvianus' existence we could find.
2.41.2,Quem procul incautum nemora inter Cressia fixit,"Virgil, Aeneid 4.70","urn:cite2:fufolio:camerarius1668.2020a:02_00083@0.05556,0.2475,0.7851,0.02557","Camerarius changed the endings of ""quem"" and ""incautum"" (from Virgil's original ""quam"" and ""incautam"") to fit the gender of his antecedent, ""cervo."""
2.41.3,Pastor agens telis.,"Virgil, Aeneid 4.71","urn:cite2:fufolio:camerarius1668.2020a:02_00083@0.05975,0.2684,0.2851,0.02092",
2.41.4,ille fuga silvas saltusque peragrat ,"Virgil, Aeneid 4.72","urn:cite2:fufolio:camerarius1668.2020a:02_00083@0.2275,0.2905,0.4864,0.02847","The ending of ""ille"" was changed from ""illa"""
2.41.6,"haeret lateri letalis arundo,","Virgil, Aeneid 4.73","urn:cite2:fufolio:camerarius1668.2020a:02_00083@0.2694,0.3329,0.3931,0.02499",
2.41.9,"Quapropter tranquillitatis et rationis vera norma in eiusmodi ea sibi semper nobis ante oculos proponenda nam ut Plutarch(us) in com <gr>peri\ eu)qumi/as</gr> disputat, <gr>toiau/thn o( logismo\s eu)koli/an kai\ metabol/hn e)ggeno/menos metapoiei= pro\s e)/kaston bi/on</gr> id est recta ratio si accedat ad quod vis genus vita, et quamvis mutationem, eam reddit facilem.","Plutarch, De Tranquillitate Animi 4.1-2","urn:cite2:fufolio:camerarius1668.2020a:02_00083@0.01363,0.4823,0.8187,0.1412","The word ""<gr>metapoiei=</gr>"" was simplified to ""<gr>poiei=</gr>"" in Stegmannus' manuscript found here: https://scaife.perseus.org/reader/urn:cts:greekLit:tlg0007.tlg096.perseus-grc2:4  Camerarius was likely quoting from another edition."
2.41.11,"Nam si ratio et prudentia curas,","Horace, Epistle 1.11.25-30","urn:cite2:fufolio:camerarius1668.2020a:02_00083@0.2075,0.6630,0.4665,0.02499",http://www.perseus.tufts.edu/hopper/text?doc=Perseus%3Atext%3A2008.01.0539%3Abook%3D1%3Apoem%3D11
2.41.12,"Non locus effusi late maris arbiter aufert,",,"urn:cite2:fufolio:camerarius1668.2020a:02_00083@0.04927,0.6845,0.6373,0.02266",
2.41.13,"Coelum non animum mutant, qui trans mare currunt,",,"urn:cite2:fufolio:camerarius1668.2020a:02_00083@0.05451,0.7083,0.7683,0.02266",
2.41.14,"Strenua nos exercet inertia, navibus atque",,"urn:cite2:fufolio:camerarius1668.2020a:02_00083@0.05136,0.7298,0.6143,0.02440",
2.41.15,"Quadrigis petimus bene vivere, quod petis hie est,",,"urn:cite2:fufolio:camerarius1668.2020a:02_00083@0.05136,0.7484,0.7662,0.02557",
2.41.16,Est Ulubris animus si te non deficit aequus.,,"urn:cite2:fufolio:camerarius1668.2020a:02_00083@0.04927,0.7693,0.6268,0.02499",
2.41.17,"Alibi legitur ascriptum: HAERET UBIQUE Vel, NIL FUGA COMITANTE MALO.",Unknown,"urn:cite2:fufolio:camerarius1668.2020a:02_00083@0.01363,0.7902,0.8092,0.04358","While we were not able to find the original source, this quotation was referenced in another emblem collection from 1623: https://books.google.com/books?id=AN6s93YRF5cC&printsec=frontcover#v=onepage&q&f=false "
2.54.2,"Iulius Caesar Scaliger in exercitu contra Gardanum, vulturem quadrupedem vocat.","Julius Caesar Scaliger, Exotericarum exercitationum liber XV. de subtilitate, pg. 272","urn:cite2:fufolio:camerarius1668.2020a:02_00109@0.02306,0.2619,0.8669,0.04288",https://books.google.com/books?id=biJXAAAAcAAJ&pg=PA272-IA1&lpg=PA272-IA1&dq=Julius+C%C3%A6sar+SCALIGER+%22vulturem+quadrupedem%22&source=bl&ots=G3CJvfrFVA&sig=ACfU3U3J8wFHwqrjUEXOMh0hTexubUDAuw&hl=en&sa=X&ved=2ahUKEwjD-PWN0OL4AhUcM1kFHbBQAGcQ6AF6BAgDEAM#v=onepage&q=Julius%20C%C3%A6sar%20SCALIGER%20%22vulturem%20quadrupedem%22&f=false
2.54.3,Gesnerus putat esse Hyana vel crocuta congenerem.,"Conrad Gesner, Icones Animalium? (Zurich 1560) or Historia Animalium? ","urn:cite2:fufolio:camerarius1668.2020a:02_00109@0.02830,0.2824,0.8532,0.04345",
2.54.4,"Descripsit autem accurate illud Michovius libro 11 Sarmatiae Europeae in hunc modum: In Litvania et Moscovia animal voracissumum est magnitudine canis, facie felis, colore nigro (...) cadaveribus vescitur, quibus ita repletur, ut tympani instar extendatur, atque per ansuistiam aliquam inter duas arbores ingreditur, per vim ventrem exonerat: et sic extentuatum, rursus ad cadaver properat atque iterum impletur.","Mathias de Miechow, Tractatus de duabus Sarmatiis,
Asiana et Europiana, et de contentis in eis, Book 11","urn:cite2:fufolio:camerarius1668.2020a:02_00109@0.02725,0.2990,0.8417,0.04860",https://www.hs-augsburg.de/~harsch/Chronologia/Lspost16/Miechow/mie_tr21.html
2.54.4,"Olaus Magnus Sept. hist. lib. XVII. tribuit illi mustelinum nigricantem et nitentem, in pilis longus nec adeo millitus, crura brevia, caudam vulpis, breviorem tamen","Olaus Magnus, Historia de Gentibus Septentrionalibus, Book 17, De Gulonibus","urn:cite2:fufolio:camerarius1668.2020a:02_00109@0.02725,0.2990,0.8417,0.04860",https://www.biodiversitylibrary.org/page/41862917#page/436/mode/1up
2.54.5,"Ac forsitan natura tam insatiabile animal in illis regionibus produxit, ut homines simili voracitate laborantes redarguat.","Mathias de Miechow, Tractatus de duabus Sarmatiis,
Asiana et Europiana, et de contentis in eis, Book 11","urn:cite2:fufolio:camerarius1668.2020a:02_00109@0.02306,0.5174,0.8438,0.06232",https://www.hs-augsburg.de/~harsch/Chronologia/Lspost16/Miechow/mie_tr21.html
2.54.8,"Quibus in solo vivendi causa palato est,"," Juvenal, Satyre 11 Book 4","urn:cite2:fufolio:camerarius1668.2020a:02_00109@0.1237,0.6392,0.6447,0.02802",https://books.google.com/books?id=_EruxCTtm0sC&pg=PA358&lpg=PA358&dq=%22Quibus+in+folo+vivendi+caussa+palato+est%22&source=bl&ots=aW1JHD1Y0-&sig=ACfU3U3GQzzMKd5EBhZ79lakE0x0N5fSxQ&hl=en&sa=X&ved=2ahUKEwiVp9Gl8eT4AhVFM1kFHTkQCoYQ6AF6BAgFEAM#v=onepage&q=%22Quibus%20in%20folo%20vivendi%20caussa%20palato%20est%22&f=false
2.54.10,"ac diligenter observemus Socraticum praeceptum, edendum et bibendum ut vivamus, non autem vivendum, ut ventri tantum ceu Deo inserviamus, quemadmodum, de sese apud Euripidem gloriatur Cyclops.","Euripides, Cyclops (allusion)","urn:cite2:fufolio:camerarius1668.2020a:02_00109@0.01572,0.6638,0.8805,0.1326",
2.54.12,Quin corpus onustum,"Horace, Satires, Book 2, Satyre 2, line 77","urn:cite2:fufolio:camerarius1668.2020a:02_00109@0.01992,0.7902,0.8249,0.02401",https://www.thelatinlibrary.com/horace/serm2.shtml
2.54.13,"Hesternis vitiis, animum quoque praegravat una,","Horace, Satires, Book 2, Satyre 2, line 78","urn:cite2:fufolio:camerarius1668.2020a:02_00109@0.06709,0.8096,0.8134,0.02687",
2.54.14,Atque affligit humo divinae particulam aurae.,"Horace, Satires, Book 2, Satyre 2, line 79","urn:cite2:fufolio:camerarius1668.2020a:02_00109@0.07233,0.8325,0.7117,0.02230","Camerarius replaces the word ""adfigit"" with ""affligit"""
2.54.15,Salvator quoque noster ipse Lucae XXI. graviter monet.,"The Bible, Luke 21:34","urn:cite2:fufolio:camerarius1668.2020a:02_00109@0.03354,0.8559,0.8218,0.04403","Camerarius shortens the original verse from the Latin Vulgate and uses the word ""cavete"" instead of ""audite""; https://vulgate.org/nt/gospel/luke_21.htm"
2.54.16,Cavete ne corda vestra graventur crapula et ebrietate.,"The Bible, Luke 21:34",,
2.100.1,"Quidam eruditus vir Caesar Trevisanus integrum commentarium eddidit Italicum, de quodam Symbolo sive Emblemate, quod ipse vel impressam vulgari nomine, vel Insigne, vel saltem quandam ingeniosam et amoenam inventionem appellare voluit.",Caesare Ripa (possibly),"urn:cite2:fufolio:camerarius1668.2020a:02_00201@0.01992,0.1377,0.8417,0.1142",https://en.wikipedia.org/wiki/Cesare_Ripa
2.101.8,"Huic <gr>muqologikw=</gr> figmento autor addidit inscriptionem graecam hanc, <gr>o( e)rws a(pantwn a)/ition, kai\ pro\s au)to\n a(/panta</gr>, id est, Amor caussa omnium, et ad ipsum omnia: quod nimirum ex amore vere omnes res originem ducant primumque rerum sit principium, et sic tandem in ipsum universa quoque revertantur.","Aristotle, Metaphysics, Book 3, 1001 a(?)","urn:cite2:fufolio:camerarius1668.2020a:02_00202@0.1499,0.6113,0.8333,0.1586",https://www.perseus.tufts.edu/hopper/text?doc=Perseus%3Atext%3A1999.01.0052%3Abook%3D3%3Asection%3D1001a
2.102.1,"laudare potest) primum est amor sive dilectio, quo Deus diligitur propter se, et proximus propter DEUM, ut docet B. Augustinus de doctrina Christiana: qui lib. VIII. de Civitate DEI quoque ait, Platonem non dubitare hoc esse philosophari, scilicet DEUM amare, de quo habemus praecepta sacrarum literarum plurima, quae nunquam ex animis nostris sunt deponenda.","Augustine, Confessions, Book 8","urn:cite2:fufolio:camerarius1668.2020a:02_00203@0.01677,0.1121,0.8229,0.1517",https://www.newadvent.org/fathers/110108.htm; https://faculty.georgetown.edu/jod/latinconf/8.html
2.102.3,"Et secundum S. Paulum, 1. ad Timoth. I. Finis praecepti est charitas ex corde puro, conscientia bona ac fide non ficta.","The Bible, 1 Timothy 1:5","urn:cite2:fufolio:camerarius1668.2020a:02_00203@0.009434,0.3006,0.8396,0.06609","Camerarius removes two instances of the word ""et"" and uses the spelling ""charitas"" instead of ""caritas""; https://www.biblestudytools.com/vul/1-timothy/1-5.html"
2.102.4,"Et SALVATOR noster, Ioan. XIII. certum ac indubitatum signum suorum discipulorum dicit esse mutuam dilectionem.","The Bible, John 13:35","urn:cite2:fufolio:camerarius1668.2020a:02_00203@0.001048,0.3397,0.8564,0.07241",https://www.biblestudytools.com/vul/john/13-35.html
2.102.7,Praeferre patriam liberis regem decet.,"Seneca, Troades Furens, line 332","urn:cite2:fufolio:camerarius1668.2020a:02_00203@0.09644,0.4839,0.5797,0.03506",https://scaife.perseus.org/reader/urn:cts:latinLit:phi1017.phi002.perseus-lat2:332
2.102.9,"Maxime autem charitati adversatur amor sui, cum quo congruit amor huius seculi, quae gracis est <gr>filanti/a</gr>, quae omnium vituperabilium affectionum dicitur esse principium, sicut superbia est finis.","Horace, Aristotle (Possibly Ethics, Book 6?)","urn:cite2:fufolio:camerarius1668.2020a:02_00203@0.02830,0.5293,0.8229,0.09770",
2.102.10,"Hunc stultum et improbum merito appellat Horatius, et Aristoteles VI.","Horace, Aristotle (Possibly Ethics, Book 6?)","urn:cite2:fufolio:camerarius1668.2020a:02_00203@0.02411,0.5989,0.8428,0.04770",
2.102.11,"Est denique amor honestus et laudabilis in rem aliquam vel animatam vel inanimatam (quem Plato etiam videtur describere in dialogo, quem symposium sive de amore inscrpisit) quia longe lateque sese extendit, ea tamen conditione, ne ullo modo limites honesti excedat.","Plato, Symposium","urn:cite2:fufolio:camerarius1668.2020a:02_00203@0.02516,0.6437,0.8365,0.1282",
2.102.12,Atque extat egregium dictum apud Dionysium (ut fertur) Areopagitam in libro de divinis nominibus.,"Dionysus, The Divine Names","urn:cite2:fufolio:camerarius1668.2020a:02_00203@0.01258,0.7466,0.8480,0.06667",
2.103.2,"Haec illo Prostremo loco est inhonestus et voluptarius amor, priori plane contrarius, praesertim ille impudicus et <gr>e)rwtiko)s</gr>, qui belluarum similes homines reddit, atque ideo <gr>qhrio/thta</gr>, quandam Aristoteles vocat.",Aristotle,"urn:cite2:fufolio:camerarius1668.2020a:02_00204@0.1583,0.1824,0.8344,0.09401",